tourney_id,tourney_name,surface,draw_size,tourney_level,indoor,tourney_date,match_num,winner_id,winner_seed,winner_entry,winner_name,winner_hand,winner_ht,winner_ioc,winner_age,winner_rank,winner_rank_points,loser_id,loser_seed,loser_entry,loser_name,loser_hand,loser_ht,loser_ioc,loser_age,loser_rank,loser_rank_points,score,best_of,round,minutes,w_ace,w_df,w_svpt,w_1stIn,w_1stWon,w_2ndWon,w_SvGms,w_bpSaved,w_bpFaced,l_ace,l_df,l_svpt,l_1stIn,l_1stWon,l_2ndWon,l_SvGms,l_bpSaved,l_bpFaced
2026-australian-open,Australian Open,Hard,,G,,20260201,1,alcaraz-5ab70,1,,Alcaraz,,,,,,,djokovic,4,,Djokovic,,,,,,,2-6 6-2 6-3 7-5,5,F,,,,,,,,,,,,,,,,,,,
2026-australian-open,Australian Open,Hard,,G,,20260130,2,djokovic,4,,Djokovic,,,,,,,sinner-8b8e8,2,,Sinner,,,,,,,3-6 6-3 4-6 6-4 6-4,5,SF,,,,,,,,,,,,,,,,,,,
2026-australian-open,Australian Open,Hard,,G,,20260130,3,alcaraz-5ab70,1,,Alcaraz,,,,,,,zverev-6f768,3,,Zverev,,,,,,,6-4 7-65 63-7 64-7 7-5,5,SF,,,,,,,,,,,,,,,,,,,
2026-australian-open,Australian Open,Hard,,G,,20260128,4,sinner-8b8e8,2,,Sinner,,,,,,,shelton-38989,8,,Shelton,,,,,,,6-3 6-4 6-4,5,QF,,,,,,,,,,,,,,,,,,,
2026-australian-open,Australian Open,Hard,,G,,20260128,5,djokovic,4,,Djokovic,,,,,,,musetti,5,,Musetti,,,,,,,4-6 3-6 3-1,5,QF,,,,,,,,,,,,,,,,,,,
2026-australian-open,Australian Open,Hard,,G,,20260127,6,alcaraz-5ab70,1,,Alcaraz,,,,,,,de-minaur,6,,De Minaur,,,,,,,7-5 6-2 6-1,5,QF,,,,,,,,,,,,,,,,,,,
2026-australian-open,Australian Open,Hard,,G,,20260127,7,zverev-6f768,3,,Zverev,,,,,,,tien,25,,Tien,,,,,,,6-3 65-7 6-1 7-63,5,QF,,,,,,,,,,,,,,,,,,,
2026-australian-open,Australian Open,Hard,,G,,20260126,8,shelton-38989,8,,Shelton,,,,,,,ruud-dfb38,12,,Ruud,,,,,,,3-6 6-4 6-3 6-4,5,R16,,,,,,,,,,,,,,,,,,,
2026-australian-open,Australian Open,Hard,,G,,20260126,9,sinner-8b8e8,2,,Sinner,,,,,,,darderi,22,,Darderi,,,,,,,6-1 6-3 7-62,5,R16,,,,,,,,,,,,,,,,,,,
2026-australian-open,Australian Open,Hard,,G,,20260126,10,musetti,5,,Musetti,,,,,,,fritz-f1aa7,9,,Fritz,,,,,,,6-2 7-5 6-4,5,R16,,,,,,,,,,,,,,,,,,,
2026-australian-open,Australian Open,Hard,,G,,20260125,11,de-minaur,6,,De Minaur,,,,,,,bublik-43f80,10,,Bublik,,,,,,,6-4 6-1 6-1,5,R16,,,,,,,,,,,,,,,,,,,
2026-australian-open,Australian Open,Hard,,G,,20260125,12,tien,25,,Tien,,,,,,,medvedev-e0d2d,11,,Medvedev,,,,,,,6-4 6-0 6-3,5,R16,,,,,,,,,,,,,,,,,,,
2026-australian-open,Australian Open,Hard,,G,,20260125,13,zverev-6f768,3,,Zverev,,,,,,,cerundolo,18,,Cerundolo,,,,,,,6-2 6-4 6-4,5,R16,,,,,,,,,,,,,,,,,,,
2026-australian-open,Australian Open,Hard,,G,,20260125,14,alcaraz-5ab70,1,,Alcaraz,,,,,,,paul-324c3,19,,Paul,,,,,,,7-66 6-4 7-5,5,R16,,,,,,,,,,,,,,,,,,,
2026-australian-open,Australian Open,Hard,,G,,20260124,15,ruud-dfb38,12,,Ruud,,,,,,,cilic,,,Cilic,,,,,,,6-4 6-4 3-6 7-5,5,R32,,,,,,,,,,,,,,,,,,,
2026-australian-open,Australian Open,Hard,,G,,20260124,16,mensik,16,,Mensik,,,,,,,quinn-d0193,,,Quinn,,,,,,,6-2 7-65 7-65,5,R32,,,,,,,,,,,,,,,,,,,
2026-australian-open,Australian Open,Hard,,G,,20260124,17,djokovic,4,,Djokovic,,,,,,,van-de-zandschulp,,,Van De Zandschulp,,,,,,,6-3 6-4 7-64,5,R32,,,,,,,,,,,,,,,,,,,
2026-australian-open,Australian Open,Hard,,G,,20260124,18,fritz-f1aa7,9,,Fritz,,,,,,,wawrinka-ffdb9,,,Wawrinka,,,,,,,7-65 2-6 6-4 6-4,5,R32,,,,,,,,,,,,,,,,,,,
2026-australian-open,Australian Open,Hard,,G,,20260124,19,shelton-38989,8,,Shelton,,,,,,,vacherot,30,,Vacherot,,,,,,,6-4 6-4 7-65,5,R32,,,,,,,,,,,,,,,,,,,
2026-australian-open,Australian Open,Hard,,G,,20260124,20,sinner-8b8e8,2,,Sinner,,,,,,,spizzirri,,,Spizzirri,,,,,,,4-6 6-3 6-4 6-4,5,R32,,,,,,,,,,,,,,,,,,,
2026-australian-open,Australian Open,Hard,,G,,20260124,21,darderi,22,,Darderi,,,,,,,khachanov,15,,Khachanov,,,,,,,7-65 3-6 6-3 6-4,5,R32,,,,,,,,,,,,,,,,,,,
2026-australian-open,Australian Open,Hard,,G,,20260124,22,musetti,5,,Musetti,,,,,,,machac,,,Machac,,,,,,,5-7 6-4 6-2 5-7 6-2,5,R32,,,,,,,,,,,,,,,,,,,
2026-australian-open,Australian Open,Hard,,G,,20260123,23,bublik-43f80,10,,Bublik,,,,,,,etcheverry-7101a,,,Etcheverry,,,,,,,7-64 7-65 6-4,5,R32,,,,,,,,,,,,,,,,,,,
2026-australian-open,Australian Open,Hard,,G,,20260123,24,zverev-6f768,3,,Zverev,,,,,,,norrie,26,,Norrie,,,,,,,7-5 4-6 6-3 6-1,5,R32,,,,,,,,,,,,,,,,,,,
2026-australian-open,Australian Open,Hard,,G,,20260123,25,de-minaur,6,,De Minaur,,,,,,,tiafoe,29,,Tiafoe,,,,,,,6-3 6-4 7-5,5,R32,,,,,,,,,,,,,,,,,,,
2026-australian-open,Australian Open,Hard,,G,,20260123,26,cerundolo,18,,Cerundolo,,,,,,,rublev,13,,Rublev,,,,,,,6-3 7-64 6-3,5,R32,,,,,,,,,,,,,,,,,,,
2026-australian-open,Australian Open,Hard,,G,,20260123,27,alcaraz-5ab70,1,,Alcaraz,,,,,,,moutet,32,,Moutet,,,,,,,6-2 6-4 6-1,5,R32,,,,,,,,,,,,,,,,,,,
2026-australian-open,Australian Open,Hard,,G,,20260123,28,paul-324c3,19,,Paul,,,,,,,davidovich-fokina,14,,Davidovich Fokina,,,,,,,6-1 6-1,5,R32,,,,,,,,,,,,,,,,,,,
2026-australian-open,Australian Open,Hard,,G,,20260123,29,medvedev-e0d2d,11,,Medvedev,,,,,,,marozsan,,,Marozsan,,,,,,,65-7 4-6 7-5 6-0 6-3,5,R32,,,,,,,,,,,,,,,,,,,
2026-australian-open,Australian Open,Hard,,G,,20260123,30,tien,25,,Tien,,,,,,,borges-8d823,,,Borges,,,,,,,7-69 6-4 6-2,5,R32,,,,,,,,,,,,,,,,,,,
2026-australian-open,Australian Open,Hard,,G,,20260122,31,ruud-dfb38,12,,Ruud,,,,,,,munar-d1298,,,Munar,,,,,,,6-3 7-5 6-4,5,R64,,,,,,,,,,,,,,,,,,,
2026-australian-open,Australian Open,Hard,,G,,20260122,32,sinner-8b8e8,2,,Sinner,,,,,,,duckworth,,,Duckworth,,,,,,,6-1 6-4 6-2,5,R64,,,,,,,,,,,,,,,,,,,
2026-australian-open,Australian Open,Hard,,G,,20260122,33,fritz-f1aa7,9,,Fritz,,,,,,,kopriva,,,Kopriva,,,,,,,6-1 6-4 7-64,5,R64,,,,,,,,,,,,,,,,,,,
2026-australian-open,Australian Open,Hard,,G,,20260122,34,cilic,,,Cilic,,,,,,,shapovalov,21,,Shapovalov,,,,,,,6-4 6-3 6-2,5,R64,,,,,,,,,,,,,,,,,,,
2026-australian-open,Australian Open,Hard,,G,,20260122,35,machac,,,Machac,,,,,,,tsitsipas-b526f,31,,Tsitsipas,,,,,,,6-4 3-6 7-65 7-65,5,R64,,,,,,,,,,,,,,,,,,,
2026-australian-open,Australian Open,Hard,,G,,20260122,36,wawrinka-ffdb9,,,Wawrinka,,,,,,,gea,,,Gea,,,,,,,4-6 6-3 3-6 7-5 7-63,5,R64,,,,,,,,,,,,,,,,,,,
2026-australian-open,Australian Open,Hard,,G,,20260122,37,spizzirri,,,Spizzirri,,,,,,,wu-9762d,,,Wu,,,,,,,6-2 6-4 64-7 4-6 6-3,5,R64,,,,,,,,,,,,,,,,,,,
2026-australian-open,Australian Open,Hard,,G,,20260122,38,van-de-zandschulp,,,Van De Zandschulp,,,,,,,shang,,,Shang,,,,,,,7-66 6-2 6-3,5,R64,,,,,,,,,,,,,,,,,,,
2026-australian-open,Australian Open,Hard,,G,,20260122,39,djokovic,4,,Djokovic,,,,,,,maestrelli,,,Maestrelli,,,,,,,6-3 6-2 6-2,5,R64,,,,,,,,,,,,,,,,,,,
2026-australian-open,Australian Open,Hard,,G,,20260122,40,quinn-d0193,,,Quinn,,,,,,,hurkacz,,,Hurkacz,,,,,,,6-4 7-65 6-1,5,R64,,,,,,,,,,,,,,,,,,,
2026-australian-open,Australian Open,Hard,,G,,20260122,41,shelton-38989,8,,Shelton,,,,,,,sweeny,,,Sweeny,,,,,,,6-3 6-2 6-2,5,R64,,,,,,,,,,,,,,,,,,,
2026-australian-open,Australian Open,Hard,,G,,20260122,42,musetti,5,,Musetti,,,,,,,sonego,,,Sonego,,,,,,,6-3 6-3 6-4,5,R64,,,,,,,,,,,,,,,,,,,
2026-australian-open,Australian Open,Hard,,G,,20260122,43,darderi,22,,Darderi,,,,,,,baez-a8fb1,,,Baez,,,,,,,6-3 1-6 6-4 6-3,5,R64,,,,,,,,,,,,,,,,,,,
2026-australian-open,Australian Open,Hard,,G,,20260122,44,khachanov,15,,Khachanov,,,,,,,basavareddy,,,Basavareddy,,,,,,,6-1 6-4 6-3,5,R64,,,,,,,,,,,,,,,,,,,
2026-australian-open,Australian Open,Hard,,G,,20260122,45,vacherot,30,,Vacherot,,,,,,,hijikata,,,Hijikata,,,,,,,6-1 6-3 4-6 6-2,5,R64,,,,,,,,,,,,,,,,,,,
2026-australian-open,Australian Open,Hard,,G,,20260122,46,mensik,16,,Mensik,,,,,,,jodar,,,Jodar,,,,,,,6-2 6-4 6-4,5,R64,,,,,,,,,,,,,,,,,,,
2026-australian-open,Australian Open,Hard,,G,,20260121,47,tiafoe,29,,Tiafoe,,,,,,,comesana-c17e0,,,Comesana,,,,,,,6-4 6-3 4-6 6-2,5,R64,,,,,,,,,,,,,,,,,,,
2026-australian-open,Australian Open,Hard,,G,,20260121,48,de-minaur,6,,De Minaur,,,,,,,medjedovic,,,Medjedovic,,,,,,,65-7 6-2 6-2 6-1,5,R64,,,,,,,,,,,,,,,,,,,
2026-australian-open,Australian Open,Hard,,G,,20260121,49,zverev-6f768,3,,Zverev,,,,,,,muller-c81bc,,,Muller,,,,,,,6-3 4-6 6-3 6-4,5,R64,,,,,,,,,,,,,,,,,,,
2026-australian-open,Australian Open,Hard,,G,,20260121,50,bublik-43f80,10,,Bublik,,,,,,,fucsovics,,,Fucsovics,,,,,,,7-5 6-4 7-5,5,R64,,,,,,,,,,,,,,,,,,,
2026-australian-open,Australian Open,Hard,,G,,20260121,51,norrie,26,,Norrie,,,,,,,nava-337db,,,Nava,,,,,,,6-1 7-63 4-6 7-65,5,R64,,,,,,,,,,,,,,,,,,,
2026-australian-open,Australian Open,Hard,,G,,20260121,52,tien,25,,Tien,,,,,,,shevchenko-3bd40,,,Shevchenko,,,,,,,6-2 5-7 6-1 6-0,5,R64,,,,,,,,,,,,,,,,,,,
2026-australian-open,Australian Open,Hard,,G,,20260121,53,moutet,32,,Moutet,,,,,,,zheng-c91db,,,Zheng,,,,,,,3-6 6-1 6-3 2-0,5,R64,,,,,,,,,,,,,,,,,,,
2026-australian-open,Australian Open,Hard,,G,,20260121,54,borges-8d823,,,Borges,,,,,,,thompson-46e89,,,Thompson,,,,,,,69-7 6-3 6-2 6-4,5,R64,,,,,,,,,,,,,,,,,,,
2026-australian-open,Australian Open,Hard,,G,,20260121,55,alcaraz-5ab70,1,,Alcaraz,,,,,,,hanfmann,,,Hanfmann,,,,,,,7-64 6-3 6-2,5,R64,,,,,,,,,,,,,,,,,,,
2026-australian-open,Australian Open,Hard,,G,,20260121,56,davidovich-fokina,14,,Davidovich Fokina,,,,,,,opelka,,,Opelka,,,,,,,6-3 7-63 5-7 4-6 6-4,5,R64,,,,,,,,,,,,,,,,,,,
2026-australian-open,Australian Open,Hard,,G,,20260121,57,etcheverry-7101a,,,Etcheverry,,,,,,,fery,,,Fery,,,,,,,7-64 6-1 6-3,5,R64,,,,,,,,,,,,,,,,,,,
2026-australian-open,Australian Open,Hard,,G,,20260121,58,medvedev-e0d2d,11,,Medvedev,,,,,,,halys,,,Halys,,,,,,,69-7 6-3 6-4 6-2,5,R64,,,,,,,,,,,,,,,,,,,
2026-australian-open,Australian Open,Hard,,G,,20260121,59,rublev,13,,Rublev,,,,,,,faria-4754c,,,Faria,,,,,,,6-4 6-3 4-6 7-5,5,R64,,,,,,,,,,,,,,,,,,,
2026-australian-open,Australian Open,Hard,,G,,20260121,60,cerundolo,18,,Cerundolo,,,,,,,dzumhur,,,Dzumhur,,,,,,,6-3 6-2 6-1,5,R64,,,,,,,,,,,,,,,,,,,
2026-australian-open,Australian Open,Hard,,G,,20260121,61,paul-324c3,19,,Paul,,,,,,,tirante,,,Tirante,,,,,,,6-3 6-4 6-2,5,R64,,,,,,,,,,,,,,,,,,,
2026-australian-open,Australian Open,Hard,,G,,20260121,62,marozsan,,,Marozsan,,,,,,,majchrzak-905d8,,,Majchrzak,,,,,,,6-3 6-4 7-65,5,R64,,,,,,,,,,,,,,,,,,,
2026-australian-open,Australian Open,Hard,,G,,20260120,63,tsitsipas-b526f,31,,Tsitsipas,,,,,,,mochizuki-f2487,,,Mochizuki,,,,,,,4-6 6-3 6-2 6-2,5,R128,,,,,,,,,,,,,,,,,,,
2026-australian-open,Australian Open,Hard,,G,,20260120,64,machac,,,Machac,,,,,,,dimitrov-779bc,,,Dimitrov,,,,,,,6-4 6-4 6-3,5,R128,,,,,,,,,,,,,,,,,,,
2026-australian-open,Australian Open,Hard,,G,,20260120,65,sinner-8b8e8,2,,Sinner,,,,,,,gaston-e1fa4,,,Gaston,,,,,,,6-2 6-1,5,R128,,,,,,,,,,,,,,,,,,,
2026-australian-open,Australian Open,Hard,,G,,20260120,66,kopriva,,,Kopriva,,,,,,,struff,,,Struff,,,,,,,4-6 6-2 2-6 6-3 6-1,5,R128,,,,,,,,,,,,,,,,,,,
2026-australian-open,Australian Open,Hard,,G,,20260120,67,fritz-f1aa7,9,,Fritz,,,,,,,royer,,,Royer,,,,,,,7-65 5-7 6-1 6-3,5,R128,,,,,,,,,,,,,,,,,,,
2026-australian-open,Australian Open,Hard,,G,,20260120,68,hurkacz,,,Hurkacz,,,,,,,bergs,,,Bergs,,,,,,,66-7 7-66 6-3 6-3,5,R128,,,,,,,,,,,,,,,,,,,
2026-australian-open,Australian Open,Hard,,G,,20260120,69,duckworth,,,Duckworth,,,,,,,prizmic,,,Prizmic,,,,,,,7-64 3-6 1-6 7-5 6-3,5,R128,,,,,,,,,,,,,,,,,,,
2026-australian-open,Australian Open,Hard,,G,,20260120,70,jodar,,,Jodar,,,,,,,sakamoto-9c9d5,,,Sakamoto,,,,,,,7-66 6-1 5-7 4-6 6-3,5,R128,,,,,,,,,,,,,,,,,,,
2026-australian-open,Australian Open,Hard,,G,,20260120,71,sweeny,,,Sweeny,,,,,,,monfils,,,Monfils,,,,,,,63-7 7-5 6-4 7-5,5,R128,,,,,,,,,,,,,,,,,,,
2026-australian-open,Australian Open,Hard,,G,,20260120,72,wu-9762d,,,Wu,,,,,,,nardi-e2cda,,,Nardi,,,,,,,7-5 4-6 6-4 6-2,5,R128,,,,,,,,,,,,,,,,,,,
2026-australian-open,Australian Open,Hard,,G,,20260120,73,spizzirri,,,Spizzirri,,,,,,,fonseca-57dc1,28,,Fonseca,,,,,,,6-4 2-6 6-1 6-2,5,R128,,,,,,,,,,,,,,,,,,,
2026-australian-open,Australian Open,Hard,,G,,20260120,74,shelton-38989,8,,Shelton,,,,,,,humbert-e2553,,,Humbert,,,,,,,6-3 7-62 7-65,5,R128,,,,,,,,,,,,,,,,,,,
2026-australian-open,Australian Open,Hard,,G,,20260120,75,mensik,16,,Mensik,,,,,,,carreno-busta,,,Carreno-Busta,,,,,,,7-5 4-6 2-6 7-61 6-3,5,R128,,,,,,,,,,,,,,,,,,,
2026-australian-open,Australian Open,Hard,,G,,20260120,76,basavareddy,,,Basavareddy,,,,,,,o-connell-020b8,,,O'Connell,,,,,,,4-6 7-67 63-7 6-2 6-3,5,R128,,,,,,,,,,,,,,,,,,,
2026-australian-open,Australian Open,Hard,,G,,20260120,77,khachanov,15,,Khachanov,,,,,,,michelsen-a98bb,,,Michelsen,,,,,,,4-6 6-4 6-3 5-7 6-3,5,R128,,,,,,,,,,,,,,,,,,,
2026-australian-open,Australian Open,Hard,,G,,20260120,78,baez-a8fb1,,,Baez,,,,,,,mpetshi-perricard,,,Mpetshi Perricard,,,,,,,6-4 6-4 3-6 5-7 6-3,5,R128,,,,,,,,,,,,,,,,,,,
2026-australian-open,Australian Open,Hard,,G,,20260120,79,quinn-d0193,,,Quinn,,,,,,,griekspoor-d58ed,23,,Griekspoor,,,,,,,6-2 6-3 6-2,5,R128,,,,,,,,,,,,,,,,,,,
2026-australian-open,Australian Open,Hard,,G,,20260120,80,musetti,5,,Musetti,,,,,,,collignon,,,Collignon,,,,,,,4-6 7-63 7-5 3-2,5,R128,,,,,,,,,,,,,,,,,,,
2026-australian-open,Australian Open,Hard,,G,,20260120,81,sonego,,,Sonego,,,,,,,taberner,,,Taberner,,,,,,,6-4 6-0 6-3,5,R128,,,,,,,,,,,,,,,,,,,
2026-australian-open,Australian Open,Hard,,G,,20260120,82,darderi,22,,Darderi,,,,,,,garin,,,Garin,,,,,,,7-65 7-5 7-63,5,R128,,,,,,,,,,,,,,,,,,,
2026-australian-open,Australian Open,Hard,,G,,20260119,83,djokovic,4,,Djokovic,,,,,,,martinez-c0caf,,,Martinez,,,,,,,6-3 6-2 6-2,5,R128,,,,,,,,,,,,,,,,,,,
2026-australian-open,Australian Open,Hard,,G,,20260119,84,ruud-dfb38,12,,Ruud,,,,,,,bellucci-47e7e,,,Bellucci,,,,,,,6-1 6-2 6-4,5,R128,,,,,,,,,,,,,,,,,,,
2026-australian-open,Australian Open,Hard,,G,,20260119,85,muller-c81bc,,,Muller,,,,,,,popyrin,,,Popyrin,,,,,,,2-6 6-3 3-6 7-65 7-64,5,R128,,,,,,,,,,,,,,,,,,,
2026-australian-open,Australian Open,Hard,,G,,20260119,86,vacherot,30,,Vacherot,,,,,,,damm-4f98a,,,Damm,,,,,,,6-4 6-4 6-4,5,R128,,,,,,,,,,,,,,,,,,,
2026-australian-open,Australian Open,Hard,,G,,20260119,87,gea,,,Gea,,,,,,,lehecka,17,,Lehecka,,,,,,,7-5 7-61 7-5,5,R128,,,,,,,,,,,,,,,,,,,
2026-australian-open,Australian Open,Hard,,G,,20260119,88,hijikata,,,Hijikata,,,,,,,mannarino-a7108,,,Mannarino,,,,,,,6-3 6-3 6-1,5,R128,,,,,,,,,,,,,,,,,,,
2026-australian-open,Australian Open,Hard,,G,,20260119,89,shapovalov,21,,Shapovalov,,,,,,,yunchaokete,,,Yunchaokete,,,,,,,6-3 7-63 6-1,5,R128,,,,,,,,,,,,,,,,,,,
2026-australian-open,Australian Open,Hard,,G,,20260119,90,munar-d1298,,,Munar,,,,,,,svrcina,,,Svrcina,,,,,,,3-6 6-2 65-7 7-5 6-3,5,R128,,,,,,,,,,,,,,,,,,,
2026-australian-open,Australian Open,Hard,,G,,20260119,91,maestrelli,,,Maestrelli,,,,,,,atmane,,,Atmane,,,,,,,6-4 3-6 64-7 6-1 6-1,5,R128,,,,,,,,,,,,,,,,,,,
2026-australian-open,Australian Open,Hard,,G,,20260119,92,van-de-zandschulp,,,Van De Zandschulp,,,,,,,nakashima-68876,27,,Nakashima,,,,,,,6-3 4-6 7-61 7-63,5,R128,,,,,,,,,,,,,,,,,,,
2026-australian-open,Australian Open,Hard,,G,,20260119,93,cilic,,,Cilic,,,,,,,altmaier,,,Altmaier,,,,,,,6-0 6-0 7-63,5,R128,,,,,,,,,,,,,,,,,,,
2026-australian-open,Australian Open,Hard,,G,,20260119,94,majchrzak-905d8,,,Majchrzak,,,,,,,fearnley,,,Fearnley,,,,,,,7-62 7-5 3-6 7-63,5,R128,,,,,,,,,,,,,,,,,,,
2026-australian-open,Australian Open,Hard,,G,,20260119,95,wawrinka-ffdb9,,,Wawrinka,,,,,,,djere,,,Djere,,,,,,,5-7 6-3 6-4 7-64,5,R128,,,,,,,,,,,,,,,,,,,
2026-australian-open,Australian Open,Hard,,G,,20260119,96,tirante,,,Tirante,,,,,,,vukic,,,Vukic,,,,,,,7-5 6-2 6-2,5,R128,,,,,,,,,,,,,,,,,,,
2026-australian-open,Australian Open,Hard,,G,,20260119,97,davidovich-fokina,14,,Davidovich Fokina,,,,,,,misolic,,,Misolic,,,,,,,6-2 6-3 6-3,5,R128,,,,,,,,,,,,,,,,,,,
2026-australian-open,Australian Open,Hard,,G,,20260119,98,tien,25,,Tien,,,,,,,giron-49e97,,,Giron,,,,,,,7-62 4-6 3-6 7-63 6-2,5,R128,,,,,,,,,,,,,,,,,,,
2026-australian-open,Australian Open,Hard,,G,,20260119,99,de-minaur,6,,De Minaur,,,,,,,mcdonald-4d935,,,McDonald,,,,,,,6-2 6-2 6-3,5,R128,,,,,,,,,,,,,,,,,,,
2026-australian-open,Australian Open,Hard,,G,,20260119,100,thompson-46e89,,,Thompson,,,,,,,cerundolo-08df6,,,Cerundolo,,,,,,,63-7 7-5 6-1 6-1,5,R128,,,,,,,,,,,,,,,,,,,
2026-australian-open,Australian Open,Hard,,G,,20260119,101,rublev,13,,Rublev,,,,,,,arnaldi,,,Arnaldi,,,,,,,6-4 6-2 6-3,5,R128,,,,,,,,,,,,,,,,,,,
2026-australian-open,Australian Open,Hard,,G,,20260119,102,opelka,,,Opelka,,,,,,,budkov-kjaer,,,Budkov Kjaer,,,,,,,6-4 6-3 6-4,5,R128,,,,,,,,,,,,,,,,,,,
2026-australian-open,Australian Open,Hard,,G,,20260119,103,shang,,,Shang,,,,,,,bautista-agut,,,Bautista-Agut,,,,,,,6-4 62-7 6-4 6-0,5,R128,,,,,,,,,,,,,,,,,,,
2026-australian-open,Australian Open,Hard,,G,,20260119,104,paul-324c3,19,,Paul,,,,,,,kovacevic-a2706,,,Kovacevic,,,,,,,6-4 6-3 6-3,5,R128,,,,,,,,,,,,,,,,,,,
2026-australian-open,Australian Open,Hard,,G,,20260119,105,marozsan,,,Marozsan,,,,,,,rinderknech,24,,Rinderknech,,,,,,,6-3 6-4 62-7 6-4,5,R128,,,,,,,,,,,,,,,,,,,
2026-australian-open,Australian Open,Hard,,G,,20260119,106,medvedev-e0d2d,11,,Medvedev,,,,,,,de-jong-57322,,,De Jong,,,,,,,7-5 6-2 7-62,5,R128,,,,,,,,,,,,,,,,,,,
2026-australian-open,Australian Open,Hard,,G,,20260119,107,halys,,,Halys,,,,,,,tabilo,,,Tabilo,,,,,,,6-2 6-2 7-62,5,R128,,,,,,,,,,,,,,,,,,,
2026-australian-open,Australian Open,Hard,,G,,20260119,108,borges-8d823,,,Borges,,,,,,,auger-aliassime,7,,Auger Aliassime,,,,,,,3-6 6-4 6-4 0-0,5,R128,,,,,,,,,,,,,,,,,,,
2026-australian-open,Australian Open,Hard,,G,,20260119,109,medjedovic,,,Medjedovic,,,,,,,navone,,,Navone,,,,,,,6-2 63-7 6-4 6-2,5,R128,,,,,,,,,,,,,,,,,,,
2026-australian-open,Australian Open,Hard,,G,,20260119,110,shevchenko-3bd40,,,Shevchenko,,,,,,,ymer,,,Ymer,,,,,,,3-6 7-5 6-4 6-1,5,R128,,,,,,,,,,,,,,,,,,,
2026-australian-open,Australian Open,Hard,,G,,20260118,111,alcaraz-5ab70,1,,Alcaraz,,,,,,,walton,,,Walton,,,,,,,6-3 7-62 6-2,5,R128,,,,,,,,,,,,,,,,,,,
2026-australian-open,Australian Open,Hard,,G,,20260118,112,bublik-43f80,10,,Bublik,,,,,,,brooksby,,,Brooksby,,,,,,,6-4 6-4 6-4,5,R128,,,,,,,,,,,,,,,,,,,
2026-australian-open,Australian Open,Hard,,G,,20260118,113,norrie,26,,Norrie,,,,,,,bonzi-a38fa,,,Bonzi,,,,,,,6-0 62-7 4-6 6-3 6-4,5,R128,,,,,,,,,,,,,,,,,,,
2026-australian-open,Australian Open,Hard,,G,,20260118,114,hanfmann,,,Hanfmann,,,,,,,svajda,,,Svajda,,,,,,,7-5 4-6 6-4 7-63,5,R128,,,,,,,,,,,,,,,,,,,
2026-australian-open,Australian Open,Hard,,G,,20260118,115,tiafoe,29,,Tiafoe,,,,,,,kubler-21879,,,Kubler,,,,,,,7-64 6-3 6-2,5,R128,,,,,,,,,,,,,,,,,,,
2026-australian-open,Australian Open,Hard,,G,,20260118,116,fucsovics,,,Fucsovics,,,,,,,ugo-carabelli,,,Ugo Carabelli,,,,,,,7-65 6-1 6-2,5,R128,,,,,,,,,,,,,,,,,,,
2026-australian-open,Australian Open,Hard,,G,,20260118,117,faria-4754c,,,Faria,,,,,,,blockx,,,Blockx,,,,,,,6-3 3-6 6-3 6-4,5,R128,,,,,,,,,,,,,,,,,,,
2026-australian-open,Australian Open,Hard,,G,,20260118,118,zheng-c91db,,,Zheng,,,,,,,korda-2529f,,,Korda,,,,,,,6-4 6-4 3-6 60-7 6-3,5,R128,,,,,,,,,,,,,,,,,,,
2026-australian-open,Australian Open,Hard,,G,,20260118,119,dzumhur,,,Dzumhur,,,,,,,draxl,,,Draxl,,,,,,,7-5 6-0 6-4,5,R128,,,,,,,,,,,,,,,,,,,
2026-australian-open,Australian Open,Hard,,G,,20260118,120,nava-337db,,,Nava,,,,,,,jacquet-d2059,,,Jacquet,,,,,,,6-2 7-5 65-7 4-6 7-66,5,R128,,,,,,,,,,,,,,,,,,,
2026-australian-open,Australian Open,Hard,,G,,20260118,121,comesana-c17e0,,,Comesana,,,,,,,kypson,,,Kypson,,,,,,,6-2 6-3 3-6 6-3,5,R128,,,,,,,,,,,,,,,,,,,
2026-australian-open,Australian Open,Hard,,G,,20260118,122,cerundolo,18,,Cerundolo,,,,,,,zhang-45ae9,,,Zhang,,,,,,,6-3 7-60 6-3,5,R128,,,,,,,,,,,,,,,,,,,
2026-australian-open,Australian Open,Hard,,G,,20260118,123,zverev-6f768,3,,Zverev,,,,,,,diallo-dd116,,,Diallo,,,,,,,61-7 6-1 6-4 6-2,5,R128,,,,,,,,,,,,,,,,,,,
2026-australian-open,Australian Open,Hard,,G,,20260118,124,moutet,32,,Moutet,,,,,,,schoolkate,,,Schoolkate,,,,,,,6-4 7-61 6-3,5,R128,,,,,,,,,,,,,,,,,,,
2026-australian-open,Australian Open,Hard,,G,,20260118,125,fery,,,Fery,,,,,,,cobolli-d6311,20,,Cobolli,,,,,,,7-61 6-4 6-1,5,R128,,,,,,,,,,,,,,,,,,,
2026-australian-open,Australian Open,Hard,,G,,20260118,126,etcheverry-7101a,,,Etcheverry,,,,,,,kecmanovic,,,Kecmanovic,,,,,,,6-2 3-6 4-6 6-3 6-4,5,R128,,,,,,,,,,,,,,,,,,,
2026-indian-wells,Indian Wells,Hard,,M,,20260315,1,sinner-8b8e8,2,,Sinner,,,,,,,medvedev-e0d2d,11,,Medvedev,,,,,,,7-66 7-64,3,F,,,,,,,,,,,,,,,,,,,
2026-indian-wells,Indian Wells,Hard,,M,,20260314,2,medvedev-e0d2d,11,,Medvedev,,,,,,,alcaraz-5ab70,1,,Alcaraz,,,,,,,6-3 7-63,3,SF,,,,,,,,,,,,,,,,,,,
2026-indian-wells,Indian Wells,Hard,,M,,20260314,3,sinner-8b8e8,2,,Sinner,,,,,,,zverev-6f768,4,,Zverev,,,,,,,6-2 6-4,3,SF,,,,,,,,,,,,,,,,,,,
2026-indian-wells,Indian Wells,Hard,,M,,20260313,4,alcaraz-5ab70,1,,Alcaraz,,,,,,,norrie,27,,Norrie,,,,,,,6-3 6-4,3,QF,,,,,,,,,,,,,,,,,,,
2026-indian-wells,Indian Wells,Hard,,M,,20260313,5,medvedev-e0d2d,11,,Medvedev,,,,,,,draper-e73d3,14,,Draper,,,,,,,6-1 7-5,3,QF,,,,,,,,,,,,,,,,,,,
2026-indian-wells,Indian Wells,Hard,,M,,20260312,6,sinner-8b8e8,2,,Sinner,,,,,,,tien,25,,Tien,,,,,,,6-1 6-2,3,QF,,,,,,,,,,,,,,,,,,,
2026-indian-wells,Indian Wells,Hard,,M,,20260312,7,zverev-6f768,4,,Zverev,,,,,,,fils,32,,Fils,,,,,,,6-2 6-3,3,QF,,,,,,,,,,,,,,,,,,,
2026-indian-wells,Indian Wells,Hard,,M,,20260312,8,draper-e73d3,14,,Draper,,,,,,,djokovic,3,,Djokovic,,,,,,,4-6 6-4 7-65,3,R16,,,,,,,,,,,,,,,,,,,
2026-indian-wells,Indian Wells,Hard,,M,,20260311,9,alcaraz-5ab70,1,,Alcaraz,,,,,,,ruud-dfb38,13,,Ruud,,,,,,,6-1 7-62,3,R16,,,,,,,,,,,,,,,,,,,
2026-indian-wells,Indian Wells,Hard,,M,,20260311,10,medvedev-e0d2d,11,,Medvedev,,,,,,,michelsen-a98bb,,,Michelsen,,,,,,,6-2 6-4,3,R16,,,,,,,,,,,,,,,,,,,
2026-indian-wells,Indian Wells,Hard,,M,,20260311,11,norrie,27,,Norrie,,,,,,,hijikata,,,Hijikata,,,,,,,6-4 6-2,3,R16,,,,,,,,,,,,,,,,,,,
2026-indian-wells,Indian Wells,Hard,,M,,20260311,12,sinner-8b8e8,2,,Sinner,,,,,,,fonseca-57dc1,,,Fonseca,,,,,,,7-66 7-64,3,R16,,,,,,,,,,,,,,,,,,,
2026-indian-wells,Indian Wells,Hard,,M,,20260310,13,tien,25,,Tien,,,,,,,davidovich-fokina,18,,Davidovich Fokina,,,,,,,4-6 6-1 7-64,3,R16,,,,,,,,,,,,,,,,,,,
2026-indian-wells,Indian Wells,Hard,,M,,20260310,14,zverev-6f768,4,,Zverev,,,,,,,tiafoe,21,,Tiafoe,,,,,,,6-3 6-4,3,R16,,,,,,,,,,,,,,,,,,,
2026-indian-wells,Indian Wells,Hard,,M,,20260310,15,fils,32,,Fils,,,,,,,auger-aliassime,9,,Auger Aliassime,,,,,,,6-3 7-69,3,R16,,,,,,,,,,,,,,,,,,,
2026-indian-wells,Indian Wells,Hard,,M,,20260310,16,medvedev-e0d2d,11,,Medvedev,,,,,,,baez-a8fb1,,,Baez,,,,,,,6-4 6-0,3,R32,,,,,,,,,,,,,,,,,,,
2026-indian-wells,Indian Wells,Hard,,M,,20260310,17,alcaraz-5ab70,1,,Alcaraz,,,,,,,rinderknech,26,,Rinderknech,,,,,,,66-7 6-3 6-2,3,R32,,,,,,,,,,,,,,,,,,,
2026-indian-wells,Indian Wells,Hard,,M,,20260310,18,ruud-dfb38,13,,Ruud,,,,,,,vacherot,24,,Vacherot,,,,,,,3-6 6-3 6-4,3,R32,,,,,,,,,,,,,,,,,,,
2026-indian-wells,Indian Wells,Hard,,M,,20260309,19,michelsen-a98bb,,,Michelsen,,,,,,,fritz-f1aa7,7,,Fritz,,,,,,,6-4 7-66,3,R32,,,,,,,,,,,,,,,,,,,
2026-indian-wells,Indian Wells,Hard,,M,,20260309,20,draper-e73d3,14,,Draper,,,,,,,cerundolo,19,,Cerundolo,,,,,,,6-1 7-5,3,R32,,,,,,,,,,,,,,,,,,,
2026-indian-wells,Indian Wells,Hard,,M,,20260309,21,hijikata,,,Hijikata,,,,,,,bublik-43f80,10,,Bublik,,,,,,,63-7 7-63 6-3,3,R32,,,,,,,,,,,,,,,,,,,
2026-indian-wells,Indian Wells,Hard,,M,,20260309,22,djokovic,3,,Djokovic,,,,,,,kovacevic-a2706,,,Kovacevic,,,,,,,6-4 1-6 6-4,3,R32,,,,,,,,,,,,,,,,,,,
2026-indian-wells,Indian Wells,Hard,,M,,20260309,23,norrie,27,,Norrie,,,,,,,de-minaur,6,,De Minaur,,,,,,,6-4 6-4,3,R32,,,,,,,,,,,,,,,,,,,
2026-indian-wells,Indian Wells,Hard,,M,,20260309,24,fonseca-57dc1,,,Fonseca,,,,,,,paul-324c3,23,,Paul,,,,,,,6-2 6-3,3,R32,,,,,,,,,,,,,,,,,,,
2026-indian-wells,Indian Wells,Hard,,M,,20260309,25,auger-aliassime,9,,Auger Aliassime,,,,,,,diallo-dd116,,,Diallo,,,,,,,65-7 6-3 6-3,3,R32,,,,,,,,,,,,,,,,,,,
2026-indian-wells,Indian Wells,Hard,,M,,20260309,26,tiafoe,21,,Tiafoe,,,,,,,cobolli-d6311,15,,Cobolli,,,,,,,6-1 6-2,3,R32,,,,,,,,,,,,,,,,,,,
2026-indian-wells,Indian Wells,Hard,,M,,20260309,27,fils,32,,Fils,,,,,,,fucsovics,,,Fucsovics,,,,,,,6-3 7-5,3,R32,,,,,,,,,,,,,,,,,,,
2026-indian-wells,Indian Wells,Hard,,M,,20260308,28,sinner-8b8e8,2,,Sinner,,,,,,,shapovalov,,,Shapovalov,,,,,,,6-3 6-2,3,R32,,,,,,,,,,,,,,,,,,,
2026-indian-wells,Indian Wells,Hard,,M,,20260308,29,davidovich-fokina,18,,Davidovich Fokina,,,,,,,mensik,12,,Mensik,,,,,,,6-2 4-6 6-2,3,R32,,,,,,,,,,,,,,,,,,,
2026-indian-wells,Indian Wells,Hard,,M,,20260308,30,tien,25,,Tien,,,,,,,shelton-38989,8,,Shelton,,,,,,,7-63 4-6 6-3,3,R32,,,,,,,,,,,,,,,,,,,
2026-indian-wells,Indian Wells,Hard,,M,,20260308,31,zverev-6f768,4,,Zverev,,,,,,,nakashima-68876,28,,Nakashima,,,,,,,7-62 5-7 6-4,3,R32,,,,,,,,,,,,,,,,,,,
2026-indian-wells,Indian Wells,Hard,,M,,20260308,32,medvedev-e0d2d,11,,Medvedev,,,,,,,tabilo,,,Tabilo,,,,,,,6-4 6-2,3,R64,,,,,,,,,,,,,,,,,,,
2026-indian-wells,Indian Wells,Hard,,M,,20260308,33,michelsen-a98bb,,,Michelsen,,,,,,,humbert-e2553,34,,Humbert,,,,,,,7-5 65-7 7-66,3,R64,,,,,,,,,,,,,,,,,,,
2026-indian-wells,Indian Wells,Hard,,M,,20260308,34,bublik-43f80,10,,Bublik,,,,,,,kopriva,,,Kopriva,,,,,,,3-6 7-63 6-2,3,R64,,,,,,,,,,,,,,,,,,,
2026-indian-wells,Indian Wells,Hard,,M,,20260308,35,baez-a8fb1,,,Baez,,,,,,,lehecka,22,,Lehecka,,,,,,,6-4 6-1,3,R64,,,,,,,,,,,,,,,,,,,
2026-indian-wells,Indian Wells,Hard,,M,,20260308,36,fritz-f1aa7,7,,Fritz,,,,,,,fearnley,,,Fearnley,,,,,,,6-3 68-7 6-1,3,R64,,,,,,,,,,,,,,,,,,,
2026-indian-wells,Indian Wells,Hard,,M,,20260308,37,alcaraz-5ab70,1,,Alcaraz,,,,,,,dimitrov-779bc,,,Dimitrov,,,,,,,6-2 6-3,3,R64,,,,,,,,,,,,,,,,,,,
2026-indian-wells,Indian Wells,Hard,,M,,20260308,38,norrie,27,,Norrie,,,,,,,mcdonald-4d935,,,McDonald,,,,,,,6-2 6-3,3,R64,,,,,,,,,,,,,,,,,,,
2026-indian-wells,Indian Wells,Hard,,M,,20260308,39,hijikata,,,Hijikata,,,,,,,darderi,20,,Darderi,,,,,,,4-6 6-2 6-4,3,R64,,,,,,,,,,,,,,,,,,,
2026-indian-wells,Indian Wells,Hard,,M,,20260308,40,de-minaur,6,,De Minaur,,,,,,,korda-2529f,,,Korda,,,,,,,4-6 6-4 6-4,3,R64,,,,,,,,,,,,,,,,,,,
2026-indian-wells,Indian Wells,Hard,,M,,20260307,41,djokovic,3,,Djokovic,,,,,,,majchrzak-905d8,,,Majchrzak,,,,,,,4-6 6-1 6-2,3,R64,,,,,,,,,,,,,,,,,,,
2026-indian-wells,Indian Wells,Hard,,M,,20260307,42,vacherot,24,,Vacherot,,,,,,,borges-8d823,,,Borges,,,,,,,7-5 7-5,3,R64,,,,,,,,,,,,,,,,,,,
2026-indian-wells,Indian Wells,Hard,,M,,20260307,43,diallo-dd116,,,Diallo,,,,,,,rublev,17,,Rublev,,,,,,,64-7 7-61 6-3,3,R64,,,,,,,,,,,,,,,,,,,
2026-indian-wells,Indian Wells,Hard,,M,,20260307,44,fonseca-57dc1,,,Fonseca,,,,,,,khachanov,16,,Khachanov,,,,,,,4-6 7-67 6-4,3,R64,,,,,,,,,,,,,,,,,,,
2026-indian-wells,Indian Wells,Hard,,M,,20260307,45,cerundolo,19,,Cerundolo,,,,,,,bonzi-a38fa,,,Bonzi,,,,,,,6-4 5-7 7-65,3,R64,,,,,,,,,,,,,,,,,,,
2026-indian-wells,Indian Wells,Hard,,M,,20260307,46,ruud-dfb38,13,,Ruud,,,,,,,shevchenko-3bd40,,,Shevchenko,,,,,,,6-1 7-64,3,R64,,,,,,,,,,,,,,,,,,,
2026-indian-wells,Indian Wells,Hard,,M,,20260307,47,kovacevic-a2706,,,Kovacevic,,,,,,,moutet,31,,Moutet,,,,,,,6-1 6-4,3,R64,,,,,,,,,,,,,,,,,,,
2026-indian-wells,Indian Wells,Hard,,M,,20260307,48,draper-e73d3,14,,Draper,,,,,,,bautista-agut,,,Bautista-Agut,,,,,,,3-6 6-3 6-2,3,R64,,,,,,,,,,,,,,,,,,,
2026-indian-wells,Indian Wells,Hard,,M,,20260307,49,mensik,12,,Mensik,,,,,,,giron-49e97,,,Giron,,,,,,,7-5 7-64,3,R64,,,,,,,,,,,,,,,,,,,
2026-indian-wells,Indian Wells,Hard,,M,,20260307,50,paul-324c3,23,,Paul,,,,,,,bergs,,,Bergs,,,,,,,6-1 6-2,3,R64,,,,,,,,,,,,,,,,,,,
2026-indian-wells,Indian Wells,Hard,,M,,20260307,51,sinner-8b8e8,2,,Sinner,,,,,,,svrcina,,,Svrcina,,,,,,,6-1 6-1,3,R64,,,,,,,,,,,,,,,,,,,
2026-indian-wells,Indian Wells,Hard,,M,,20260307,52,davidovich-fokina,18,,Davidovich Fokina,,,,,,,svajda,,,Svajda,,,,,,,7-60 6-2,3,R64,,,,,,,,,,,,,,,,,,,
2026-indian-wells,Indian Wells,Hard,,M,,20260307,53,shapovalov,,,Shapovalov,,,,,,,etcheverry-7101a,31,,Etcheverry,,,,,,,6-3 2-6 7-65,3,R64,,,,,,,,,,,,,,,,,,,
2026-indian-wells,Indian Wells,Hard,,M,,20260307,54,tiafoe,21,,Tiafoe,,,,,,,brooksby,,,Brooksby,,,,,,,6-4 6-2,3,R64,,,,,,,,,,,,,,,,,,,
2026-indian-wells,Indian Wells,Hard,,M,,20260307,55,auger-aliassime,9,,Auger Aliassime,,,,,,,monfils,,,Monfils,,,,,,,65-7 6-3 6-4,3,R64,,,,,,,,,,,,,,,,,,,
2026-indian-wells,Indian Wells,Hard,,M,,20260306,56,nakashima-68876,28,,Nakashima,,,,,,,ugo-carabelli,,,Ugo Carabelli,,,,,,,6-3 6-4,3,R64,,,,,,,,,,,,,,,,,,,
2026-indian-wells,Indian Wells,Hard,,M,,20260306,57,fils,32,,Fils,,,,,,,prizmic,,,Prizmic,,,,,,,6-2 3-2,3,R64,,,,,,,,,,,,,,,,,,,
2026-indian-wells,Indian Wells,Hard,,M,,20260306,58,fucsovics,,,Fucsovics,,,,,,,musetti,5,,Musetti,,,,,,,7-5 6-1,3,R64,,,,,,,,,,,,,,,,,,,
2026-indian-wells,Indian Wells,Hard,,M,,20260306,59,shelton-38989,8,,Shelton,,,,,,,opelka,,,Opelka,,,,,,,63-7 7-64 6-3,3,R64,,,,,,,,,,,,,,,,,,,
2026-indian-wells,Indian Wells,Hard,,M,,20260306,60,zverev-6f768,4,,Zverev,,,,,,,berrettini-707ad,,,Berrettini,,,,,,,6-3 6-4,3,R64,,,,,,,,,,,,,,,,,,,
2026-indian-wells,Indian Wells,Hard,,M,,20260306,61,tien,25,,Tien,,,,,,,walton,,,Walton,,,,,,,7-63 7-68,3,R64,,,,,,,,,,,,,,,,,,,
2026-indian-wells,Indian Wells,Hard,,M,,20260306,62,cobolli-d6311,15,,Cobolli,,,,,,,kecmanovic,,,Kecmanovic,,,,,,,3-6 6-3 6-4,3,R64,,,,,,,,,,,,,,,,,,,
2026-indian-wells,Indian Wells,Hard,,M,,20260306,63,kopriva,,,Kopriva,,,,,,,zheng-c91db,,,Zheng,,,,,,,7-61 7-5,3,R128,,,,,,,,,,,,,,,,,,,
2026-indian-wells,Indian Wells,Hard,,M,,20260306,64,mcdonald-4d935,,,McDonald,,,,,,,arnaldi,,,Arnaldi,,,,,,,6-0 6-1,3,R128,,,,,,,,,,,,,,,,,,,
2026-indian-wells,Indian Wells,Hard,,M,,20260306,65,korda-2529f,,,Korda,,,,,,,comesana-c17e0,,,Comesana,,,,,,,7-5 6-0,3,R128,,,,,,,,,,,,,,,,,,,
2026-indian-wells,Indian Wells,Hard,,M,,20260306,66,hijikata,,,Hijikata,,,,,,,maestrelli,,,Maestrelli,,,,,,,7-65 6-4,3,R128,,,,,,,,,,,,,,,,,,,
2026-indian-wells,Indian Wells,Hard,,M,,20260306,67,borges-8d823,,,Borges,,,,,,,nava-337db,,,Nava,,,,,,,7-69 7-5,3,R128,,,,,,,,,,,,,,,,,,,
2026-indian-wells,Indian Wells,Hard,,M,,20260306,68,tabilo,,,Tabilo,,,,,,,jodar,,,Jodar,,,,,,,6-1 6-2,3,R128,,,,,,,,,,,,,,,,,,,
2026-indian-wells,Indian Wells,Hard,,M,,20260306,69,cerundolo-08df6,,,Cerundolo,,,,,,,van-de-zandschulp,,,Van De Zandschulp,,,,,,,7-63 65-7 6-3,3,R128,,,,,,,,,,,,,,,,,,,
2026-indian-wells,Indian Wells,Hard,,M,,20260306,70,michelsen-a98bb,,,Michelsen,,,,,,,merida-aguilar,,,Merida Aguilar,,,,,,,6-3 6-4,3,R128,,,,,,,,,,,,,,,,,,,
2026-indian-wells,Indian Wells,Hard,,M,,20260306,71,bautista-agut,,,Bautista-Agut,,,,,,,marozsan,,,Marozsan,,,,,,,6-4 62-7 6-4,3,R128,,,,,,,,,,,,,,,,,,,
2026-indian-wells,Indian Wells,Hard,,M,,20260306,72,bonzi-a38fa,,,Bonzi,,,,,,,royer,,,Royer,,,,,,,6-4 6-3,3,R128,,,,,,,,,,,,,,,,,,,
2026-indian-wells,Indian Wells,Hard,,M,,20260305,73,baez-a8fb1,,,Baez,,,,,,,tseng-5c1bc,,,Tseng,,,,,,,6-3 6-2,3,R128,,,,,,,,,,,,,,,,,,,
2026-indian-wells,Indian Wells,Hard,,M,,20260305,74,fearnley,,,Fearnley,,,,,,,dzumhur,,,Dzumhur,,,,,,,6-3 6-3,3,R128,,,,,,,,,,,,,,,,,,,
2026-indian-wells,Indian Wells,Hard,,M,,20260305,75,kovacevic-a2706,,,Kovacevic,,,,,,,hurkacz,,,Hurkacz,,,,,,,7-66 7-64,3,R128,,,,,,,,,,,,,,,,,,,
2026-indian-wells,Indian Wells,Hard,,M,,20260305,76,dimitrov-779bc,,,Dimitrov,,,,,,,atmane,,,Atmane,,,,,,,6-4 5-7 6-4,3,R128,,,,,,,,,,,,,,,,,,,
2026-indian-wells,Indian Wells,Hard,,M,,20260305,77,majchrzak-905d8,,,Majchrzak,,,,,,,mpetshi-perricard,,,Mpetshi Perricard,,,,,,,6-3 1-6 7-5,3,R128,,,,,,,,,,,,,,,,,,,
2026-indian-wells,Indian Wells,Hard,,M,,20260305,78,shevchenko-3bd40,,,Shevchenko,,,,,,,shimabukuro,,,Shimabukuro,,,,,,,6-4 3-6 6-2,3,R128,,,,,,,,,,,,,,,,,,,
2026-indian-wells,Indian Wells,Hard,,M,,20260305,79,shapovalov,,,Shapovalov,,,,,,,tsitsipas-b526f,,,Tsitsipas,,,,,,,6-2 3-6 6-4,3,R128,,,,,,,,,,,,,,,,,,,
2026-indian-wells,Indian Wells,Hard,,M,,20260305,80,fonseca-57dc1,,,Fonseca,,,,,,,collignon,,,Collignon,,,,,,,7-62 6-4,3,R128,,,,,,,,,,,,,,,,,,,
2026-indian-wells,Indian Wells,Hard,,M,,20260305,81,svajda,,,Svajda,,,,,,,cilic,,,Cilic,,,,,,,7-65 6-4,3,R128,,,,,,,,,,,,,,,,,,,
2026-indian-wells,Indian Wells,Hard,,M,,20260305,82,monfils,,,Monfils,,,,,,,galarneau-32e1f,,,Galarneau,,,,,,,6-3 6-4,3,R128,,,,,,,,,,,,,,,,,,,
2026-indian-wells,Indian Wells,Hard,,M,,20260305,83,brooksby,,,Brooksby,,,,,,,popyrin,,,Popyrin,,,,,,,6-3 6-4,3,R128,,,,,,,,,,,,,,,,,,,
2026-indian-wells,Indian Wells,Hard,,M,,20260305,84,prizmic,,,Prizmic,,,,,,,schoolkate,,,Schoolkate,,,,,,,7-65 3-6 7-5,3,R128,,,,,,,,,,,,,,,,,,,
2026-indian-wells,Indian Wells,Hard,,M,,20260305,85,berrettini-707ad,,,Berrettini,,,,,,,mannarino-a7108,,,Mannarino,,,,,,,4-6 7-5 7-5,3,R128,,,,,,,,,,,,,,,,,,,
2026-indian-wells,Indian Wells,Hard,,M,,20260304,86,fucsovics,,,Fucsovics,,,,,,,o-connell-020b8,,,O'Connell,,,,,,,7-5 6-3,3,R128,,,,,,,,,,,,,,,,,,,
2026-indian-wells,Indian Wells,Hard,,M,,20260304,87,svrcina,,,Svrcina,,,,,,,duckworth,,,Duckworth,,,,,,,6-2 6-4,3,R128,,,,,,,,,,,,,,,,,,,
2026-indian-wells,Indian Wells,Hard,,M,,20260304,88,diallo-dd116,,,Diallo,,,,,,,bellucci-47e7e,,,Bellucci,,,,,,,7-65 6-4,3,R128,,,,,,,,,,,,,,,,,,,
2026-indian-wells,Indian Wells,Hard,,M,,20260304,89,opelka,,,Opelka,,,,,,,quinn-d0193,,,Quinn,,,,,,,7-5 7-63,3,R128,,,,,,,,,,,,,,,,,,,
2026-indian-wells,Indian Wells,Hard,,M,,20260304,90,bergs,,,Bergs,,,,,,,struff,,,Struff,,,,,,,6-3 6-4,3,R128,,,,,,,,,,,,,,,,,,,
2026-indian-wells,Indian Wells,Hard,,M,,20260304,91,kecmanovic,,,Kecmanovic,,,,,,,altmaier,,,Altmaier,,,,,,,6-3 1-0,3,R128,,,,,,,,,,,,,,,,,,,
2026-indian-wells,Indian Wells,Hard,,M,,20260304,92,ugo-carabelli,,,Ugo Carabelli,,,,,,,damm-4f98a,,,Damm,,,,,,,7-65 6-3,3,R128,,,,,,,,,,,,,,,,,,,
2026-indian-wells,Indian Wells,Hard,,M,,20260304,93,walton,,,Walton,,,,,,,halys,,,Halys,,,,,,,6-3 6-3,3,R128,,,,,,,,,,,,,,,,,,,
2026-indian-wells,Indian Wells,Hard,,M,,20260304,94,giron-49e97,,,Giron,,,,,,,navone,,,Navone,,,,,,,4-6 7-5 6-3,3,R128,,,,,,,,,,,,,,,,,,,
2026-miami,Miami,Hard,,M,,20260329,1,sinner-8b8e8,2,,Sinner,,,,,,,lehecka,21,,Lehecka,,,,,,,6-4 6-4,3,F,,,,,,,,,,,,,,,,,,,
2026-miami,Miami,Hard,,M,,20260328,2,sinner-8b8e8,2,,Sinner,,,,,,,zverev-6f768,3,,Zverev,,,,,,,6-3 7-64,3,SF,,,,,,,,,,,,,,,,,,,
2026-miami,Miami,Hard,,M,,20260327,3,lehecka,21,,Lehecka,,,,,,,fils,28,,Fils,,,,,,,6-2 6-2,3,SF,,,,,,,,,,,,,,,,,,,
2026-miami,Miami,Hard,,M,,20260327,4,zverev-6f768,3,,Zverev,,,,,,,cerundolo,18,,Cerundolo,,,,,,,6-1 6-2,3,QF,,,,,,,,,,,,,,,,,,,
2026-miami,Miami,Hard,,M,,20260326,5,sinner-8b8e8,2,,Sinner,,,,,,,tiafoe,19,,Tiafoe,,,,,,,6-2 6-2,3,QF,,,,,,,,,,,,,,,,,,,
2026-miami,Miami,Hard,,M,,20260326,6,fils,28,,Fils,,,,,,,paul-324c3,22,,Paul,,,,,,,63-7 7-64 7-66,3,QF,,,,,,,,,,,,,,,,,,,
2026-miami,Miami,Hard,,M,,20260325,7,lehecka,21,,Lehecka,,,,,,,landaluce-84126,,,Landaluce,,,,,,,7-61 7-5,3,QF,,,,,,,,,,,,,,,,,,,
2026-miami,Miami,Hard,,M,,20260325,8,zverev-6f768,3,,Zverev,,,,,,,halys,,,Halys,,,,,,,7-64 7-61,3,R16,,,,,,,,,,,,,,,,,,,
2026-miami,Miami,Hard,,M,,20260325,9,cerundolo,18,,Cerundolo,,,,,,,humbert-e2553,31,,Humbert,,,,,,,6-4 6-3,3,R16,,,,,,,,,,,,,,,,,,,
2026-miami,Miami,Hard,,M,,20260324,10,tiafoe,19,,Tiafoe,,,,,,,atmane,,,Atmane,,,,,,,6-4 1-6 6-4,3,R16,,,,,,,,,,,,,,,,,,,
2026-miami,Miami,Hard,,M,,20260324,11,sinner-8b8e8,2,,Sinner,,,,,,,michelsen-a98bb,,,Michelsen,,,,,,,7-5 7-64,3,R16,,,,,,,,,,,,,,,,,,,
2026-miami,Miami,Hard,,M,,20260324,12,paul-324c3,22,,Paul,,,,,,,etcheverry-7101a,29,,Etcheverry,,,,,,,6-1 6-3,3,R16,,,,,,,,,,,,,,,,,,,
2026-miami,Miami,Hard,,M,,20260324,13,fils,28,,Fils,,,,,,,vacherot,24,,Vacherot,,,,,,,6-4 64-7 6-4,3,R16,,,,,,,,,,,,,,,,,,,
2026-miami,Miami,Hard,,M,,20260324,14,lehecka,21,,Lehecka,,,,,,,fritz-f1aa7,6,,Fritz,,,,,,,6-4 64-7 6-2,3,R16,,,,,,,,,,,,,,,,,,,
2026-miami,Miami,Hard,,M,,20260324,15,landaluce-84126,,,Landaluce,,,,,,,korda-2529f,32,,Korda,,,,,,,2-6 7-66 6-4,3,R16,,,,,,,,,,,,,,,,,,,
2026-miami,Miami,Hard,,M,,20260324,16,sinner-8b8e8,2,,Sinner,,,,,,,moutet,30,,Moutet,,,,,,,6-1 6-4,3,R32,,,,,,,,,,,,,,,,,,,
2026-miami,Miami,Hard,,M,,20260323,17,halys,,,Halys,,,,,,,majchrzak-905d8,,,Majchrzak,,,,,,,7-64 6-1,3,R32,,,,,,,,,,,,,,,,,,,
2026-miami,Miami,Hard,,M,,20260323,18,zverev-6f768,3,,Zverev,,,,,,,cilic,,,Cilic,,,,,,,6-2 5-7 6-4,3,R32,,,,,,,,,,,,,,,,,,,
2026-miami,Miami,Hard,,M,,20260323,19,michelsen-a98bb,,,Michelsen,,,,,,,tabilo,,,Tabilo,,,,,,,3-6 6-3 6-4,3,R32,,,,,,,,,,,,,,,,,,,
2026-miami,Miami,Hard,,M,,20260323,20,tiafoe,19,,Tiafoe,,,,,,,mensik,12,,Mensik,,,,,,,7-64 4-6 7-611,3,R32,,,,,,,,,,,,,,,,,,,
2026-miami,Miami,Hard,,M,,20260323,21,atmane,,,Atmane,,,,,,,auger-aliassime,7,,Auger Aliassime,,,,,,,6-3 1-6 6-3,3,R32,,,,,,,,,,,,,,,,,,,
2026-miami,Miami,Hard,,M,,20260323,22,cerundolo,18,,Cerundolo,,,,,,,medvedev-e0d2d,9,,Medvedev,,,,,,,6-0 4-6 7-5,3,R32,,,,,,,,,,,,,,,,,,,
2026-miami,Miami,Hard,,M,,20260323,23,humbert-e2553,31,,Humbert,,,,,,,shevchenko-3bd40,,,Shevchenko,,,,,,,6-4 7-62,3,R32,,,,,,,,,,,,,,,,,,,
2026-miami,Miami,Hard,,M,,20260323,24,fils,28,,Fils,,,,,,,tsitsipas-b526f,,,Tsitsipas,,,,,,,6-0 6-1,3,R32,,,,,,,,,,,,,,,,,,,
2026-miami,Miami,Hard,,M,,20260323,25,vacherot,24,,Vacherot,,,,,,,berrettini-707ad,,,Berrettini,,,,,,,7-65 6-4,3,R32,,,,,,,,,,,,,,,,,,,
2026-miami,Miami,Hard,,M,,20260322,26,landaluce-84126,,,Landaluce,,,,,,,khachanov,14,,Khachanov,,,,,,,6-3 7-62,3,R32,,,,,,,,,,,,,,,,,,,
2026-miami,Miami,Hard,,M,,20260322,27,paul-324c3,22,,Paul,,,,,,,collignon,,,Collignon,,,,,,,6-2 3-6 7-65,3,R32,,,,,,,,,,,,,,,,,,,
2026-miami,Miami,Hard,,M,,20260322,28,korda-2529f,32,,Korda,,,,,,,alcaraz-5ab70,1,,Alcaraz,,,,,,,6-3 5-7 6-4,3,R32,,,,,,,,,,,,,,,,,,,
2026-miami,Miami,Hard,,M,,20260322,29,etcheverry-7101a,29,,Etcheverry,,,,,,,jodar,,,Jodar,,,,,,,7-5 6-4,3,R32,,,,,,,,,,,,,,,,,,,
2026-miami,Miami,Hard,,M,,20260322,30,fritz-f1aa7,6,,Fritz,,,,,,,opelka,,,Opelka,,,,,,,6-3 6-4,3,R32,,,,,,,,,,,,,,,,,,,
2026-miami,Miami,Hard,,M,,20260322,31,lehecka,21,,Lehecka,,,,,,,quinn-d0193,,,Quinn,,,,,,,6-3 7-66,3,R32,,,,,,,,,,,,,,,,,,,
2026-miami,Miami,Hard,,M,,20260322,32,zverev-6f768,3,,Zverev,,,,,,,damm-4f98a,,,Damm,,,,,,,6-2 6-4,3,R64,,,,,,,,,,,,,,,,,,,
2026-miami,Miami,Hard,,M,,20260322,33,cilic,,,Cilic,,,,,,,nakashima-68876,27,,Nakashima,,,,,,,2-6 6-4 7-67,3,R64,,,,,,,,,,,,,,,,,,,
2026-miami,Miami,Hard,,M,,20260322,34,tiafoe,19,,Tiafoe,,,,,,,cazaux,,,Cazaux,,,,,,,7-61 6-1,3,R64,,,,,,,,,,,,,,,,,,,
2026-miami,Miami,Hard,,M,,20260322,35,shevchenko-3bd40,,,Shevchenko,,,,,,,shelton-38989,8,,Shelton,,,,,,,63-7 7-63 6-3,3,R64,,,,,,,,,,,,,,,,,,,
2026-miami,Miami,Hard,,M,,20260321,36,humbert-e2553,31,,Humbert,,,,,,,diallo-dd116,,,Diallo,,,,,,,6-1 6-4,3,R64,,,,,,,,,,,,,,,,,,,
2026-miami,Miami,Hard,,M,,20260321,37,cerundolo,18,,Cerundolo,,,,,,,tirante,,,Tirante,,,,,,,6-4 6-2,3,R64,,,,,,,,,,,,,,,,,,,
2026-miami,Miami,Hard,,M,,20260321,38,mensik,12,,Mensik,,,,,,,walton,,,Walton,,,,,,,3-6 6-2 6-4,3,R64,,,,,,,,,,,,,,,,,,,
2026-miami,Miami,Hard,,M,,20260321,39,tabilo,,,Tabilo,,,,,,,rublev,15,,Rublev,,,,,,,65-7 6-2 6-4,3,R64,,,,,,,,,,,,,,,,,,,
2026-miami,Miami,Hard,,M,,20260321,40,michelsen-a98bb,,,Michelsen,,,,,,,norrie,23,,Norrie,,,,,,,7-5 64-7 6-4,3,R64,,,,,,,,,,,,,,,,,,,
2026-miami,Miami,Hard,,M,,20260321,41,medvedev-e0d2d,9,,Medvedev,,,,,,,sakamoto-9c9d5,,,Sakamoto,,,,,,,610-7 6-3 6-1,3,R64,,,,,,,,,,,,,,,,,,,
2026-miami,Miami,Hard,,M,,20260321,42,moutet,30,,Moutet,,,,,,,machac,,,Machac,,,,,,,6-0 1-6 6-4,3,R64,,,,,,,,,,,,,,,,,,,
2026-miami,Miami,Hard,,M,,20260321,43,sinner-8b8e8,2,,Sinner,,,,,,,dzumhur,,,Dzumhur,,,,,,,6-3 6-3,3,R64,,,,,,,,,,,,,,,,,,,
2026-miami,Miami,Hard,,M,,20260321,44,auger-aliassime,7,,Auger Aliassime,,,,,,,fucsovics,,,Fucsovics,,,,,,,7-63 7-5,3,R64,,,,,,,,,,,,,,,,,,,
2026-miami,Miami,Hard,,M,,20260321,45,atmane,,,Atmane,,,,,,,rinderknech,26,,Rinderknech,,,,,,,7-64 6-3,3,R64,,,,,,,,,,,,,,,,,,,
2026-miami,Miami,Hard,,M,,20260321,46,etcheverry-7101a,29,,Etcheverry,,,,,,,bergs,,,Bergs,,,,,,,7-65 7-63,3,R64,,,,,,,,,,,,,,,,,,,
2026-miami,Miami,Hard,,M,,20260321,47,jodar,,,Jodar,,,,,,,vukic,,,Vukic,,,,,,,6-1 6-2,3,R64,,,,,,,,,,,,,,,,,,,
2026-miami,Miami,Hard,,M,,20260321,48,halys,,,Halys,,,,,,,davidovich-fokina,16,,Davidovich Fokina,,,,,,,7-68 6-4,3,R64,,,,,,,,,,,,,,,,,,,
2026-miami,Miami,Hard,,M,,20260321,49,majchrzak-905d8,,,Majchrzak,,,,,,,tien,20,,Tien,,,,,,,6-2 4-6 6-2,3,R64,,,,,,,,,,,,,,,,,,,
2026-miami,Miami,Hard,,M,,20260321,50,vacherot,24,,Vacherot,,,,,,,navone,,,Navone,,,,,,,6-3 6-4,3,R64,,,,,,,,,,,,,,,,,,,
2026-miami,Miami,Hard,,M,,20260321,51,landaluce-84126,,,Landaluce,,,,,,,darderi,17,,Darderi,,,,,,,6-3 64-7 6-4,3,R64,,,,,,,,,,,,,,,,,,,
2026-miami,Miami,Hard,,M,,20260321,52,lehecka,21,,Lehecka,,,,,,,kouame-d4969,,,Kouame,,,,,,,6-2 7-5,3,R64,,,,,,,,,,,,,,,,,,,
2026-miami,Miami,Hard,,M,,20260321,53,tsitsipas-b526f,,,Tsitsipas,,,,,,,de-minaur,5,,De Minaur,,,,,,,6-3 7-63,3,R64,,,,,,,,,,,,,,,,,,,
2026-miami,Miami,Hard,,M,,20260321,54,collignon,,,Collignon,,,,,,,cobolli-d6311,13,,Cobolli,,,,,,,7-5 6-3,3,R64,,,,,,,,,,,,,,,,,,,
2026-miami,Miami,Hard,,M,,20260321,55,alcaraz-5ab70,1,,Alcaraz,,,,,,,fonseca-57dc1,,,Fonseca,,,,,,,6-4 6-4,3,R64,,,,,,,,,,,,,,,,,,,
2026-miami,Miami,Hard,,M,,20260321,56,korda-2529f,32,,Korda,,,,,,,ugo-carabelli,,,Ugo Carabelli,,,,,,,6-0 6-3,3,R64,,,,,,,,,,,,,,,,,,,
2026-miami,Miami,Hard,,M,,20260321,57,fils,28,,Fils,,,,,,,blanch-748a3,,,Blanch,,,,,,,6-2 6-3,3,R64,,,,,,,,,,,,,,,,,,,
2026-miami,Miami,Hard,,M,,20260320,58,khachanov,14,,Khachanov,,,,,,,bautista-agut,,,Bautista-Agut,,,,,,,6-3 6-3,3,R64,,,,,,,,,,,,,,,,,,,
2026-miami,Miami,Hard,,M,,20260320,59,fritz-f1aa7,6,,Fritz,,,,,,,van-de-zandschulp,,,Van De Zandschulp,,,,,,,6-3 62-7 6-3,3,R64,,,,,,,,,,,,,,,,,,,
2026-miami,Miami,Hard,,M,,20260320,60,berrettini-707ad,,,Berrettini,,,,,,,bublik-43f80,10,,Bublik,,,,,,,6-4 6-4,3,R64,,,,,,,,,,,,,,,,,,,
2026-miami,Miami,Hard,,M,,20260320,61,opelka,,,Opelka,,,,,,,draper-e73d3,25,,Draper,,,,,,,7-63 7-60,3,R64,,,,,,,,,,,,,,,,,,,
2026-miami,Miami,Hard,,M,,20260320,62,paul-324c3,22,,Paul,,,,,,,mannarino-a7108,,,Mannarino,,,,,,,6-2 2-6 6-4,3,R64,,,,,,,,,,,,,,,,,,,
2026-miami,Miami,Hard,,M,,20260320,63,quinn-d0193,,,Quinn,,,,,,,ruud-dfb38,11,,Ruud,,,,,,,6-4 7-67,3,R64,,,,,,,,,,,,,,,,,,,
2026-miami,Miami,Hard,,M,,20260321,64,cazaux,,,Cazaux,,,,,,,barrios-vera,,,Barrios Vera,,,,,,,7-5 6-4,3,R128,,,,,,,,,,,,,,,,,,,
2026-miami,Miami,Hard,,M,,20260320,65,shevchenko-3bd40,,,Shevchenko,,,,,,,arnaldi,,,Arnaldi,,,,,,,7-65 65-7 6-2,3,R128,,,,,,,,,,,,,,,,,,,
2026-miami,Miami,Hard,,M,,20260320,66,diallo-dd116,,,Diallo,,,,,,,wu-9762d,,,Wu,,,,,,,6-2 7-63,3,R128,,,,,,,,,,,,,,,,,,,
2026-miami,Miami,Hard,,M,,20260320,67,walton,,,Walton,,,,,,,baez-a8fb1,,,Baez,,,,,,,6-2 6-2,3,R128,,,,,,,,,,,,,,,,,,,
2026-miami,Miami,Hard,,M,,20260320,68,fucsovics,,,Fucsovics,,,,,,,o-connell-020b8,,,O'Connell,,,,,,,7-66 6-3,3,R128,,,,,,,,,,,,,,,,,,,
2026-miami,Miami,Hard,,M,,20260320,69,sakamoto-9c9d5,,,Sakamoto,,,,,,,kovacevic-a2706,,,Kovacevic,,,,,,,6-4 3-6 7-67,3,R128,,,,,,,,,,,,,,,,,,,
2026-miami,Miami,Hard,,M,,20260320,70,atmane,,,Atmane,,,,,,,altmaier,,,Altmaier,,,,,,,6-4 6-2,3,R128,,,,,,,,,,,,,,,,,,,
2026-miami,Miami,Hard,,M,,20260320,71,tirante,,,Tirante,,,,,,,royer,,,Royer,,,,,,,7-5 69-7 7-65,3,R128,,,,,,,,,,,,,,,,,,,
2026-miami,Miami,Hard,,M,,20260320,72,michelsen-a98bb,,,Michelsen,,,,,,,bellucci-47e7e,,,Bellucci,,,,,,,6-2 6-1,3,R128,,,,,,,,,,,,,,,,,,,
2026-miami,Miami,Hard,,M,,20260319,73,halys,,,Halys,,,,,,,draxl,,,Draxl,,,,,,,64-7 6-1 6-1,3,R128,,,,,,,,,,,,,,,,,,,
2026-miami,Miami,Hard,,M,,20260319,74,tabilo,,,Tabilo,,,,,,,comesana-c17e0,,,Comesana,,,,,,,6-4 6-2,3,R128,,,,,,,,,,,,,,,,,,,
2026-miami,Miami,Hard,,M,,20260319,75,majchrzak-905d8,,,Majchrzak,,,,,,,kecmanovic,,,Kecmanovic,,,,,,,4-6 6-3 6-1,3,R128,,,,,,,,,,,,,,,,,,,
2026-miami,Miami,Hard,,M,,20260319,76,machac,,,Machac,,,,,,,nava-337db,,,Nava,,,,,,,2-6 6-4 6-1,3,R128,,,,,,,,,,,,,,,,,,,
2026-miami,Miami,Hard,,M,,20260319,77,damm-4f98a,,,Damm,,,,,,,fearnley,,,Fearnley,,,,,,,6-0,3,R128,,,,,,,,,,,,,,,,,,,
2026-miami,Miami,Hard,,M,,20260319,78,fonseca-57dc1,,,Fonseca,,,,,,,marozsan,,,Marozsan,,,,,,,6-4 3-6 6-2,3,R128,,,,,,,,,,,,,,,,,,,
2026-miami,Miami,Hard,,M,,20260319,79,cilic,,,Cilic,,,,,,,popyrin,,,Popyrin,,,,,,,6-4 6-4,3,R128,,,,,,,,,,,,,,,,,,,
2026-miami,Miami,Hard,,M,,20260319,80,dzumhur,,,Dzumhur,,,,,,,buse,,,Buse,,,,,,,66-7 7-66 6-1,3,R128,,,,,,,,,,,,,,,,,,,
2026-miami,Miami,Hard,,M,,20260319,81,collignon,,,Collignon,,,,,,,dimitrov-779bc,,,Dimitrov,,,,,,,7-63 4-6 7-66,3,R128,,,,,,,,,,,,,,,,,,,
2026-miami,Miami,Hard,,M,,20260319,82,tsitsipas-b526f,,,Tsitsipas,,,,,,,fery,,,Fery,,,,,,,6-1 7-64,3,R128,,,,,,,,,,,,,,,,,,,
2026-miami,Miami,Hard,,M,,20260319,83,opelka,,,Opelka,,,,,,,borges-8d823,,,Borges,,,,,,,66-7 6-2 7-65,3,R128,,,,,,,,,,,,,,,,,,,
2026-miami,Miami,Hard,,M,,20260319,84,berrettini-707ad,,,Berrettini,,,,,,,muller-c81bc,,,Muller,,,,,,,6-4 6-2,3,R128,,,,,,,,,,,,,,,,,,,
2026-miami,Miami,Hard,,M,,20260319,85,van-de-zandschulp,,,Van De Zandschulp,,,,,,,shapovalov,,,Shapovalov,,,,,,,7-5 6-3,3,R128,,,,,,,,,,,,,,,,,,,
2026-miami,Miami,Hard,,M,,20260319,86,ugo-carabelli,,,Ugo Carabelli,,,,,,,mpetshi-perricard,,,Mpetshi Perricard,,,,,,,2-6 6-3 7-63,3,R128,,,,,,,,,,,,,,,,,,,
2026-miami,Miami,Hard,,M,,20260319,87,landaluce-84126,,,Landaluce,,,,,,,giron-49e97,,,Giron,,,,,,,6-3 7-66,3,R128,,,,,,,,,,,,,,,,,,,
2026-miami,Miami,Hard,,M,,20260319,88,quinn-d0193,,,Quinn,,,,,,,hurkacz,,,Hurkacz,,,,,,,6-2 6-4,3,R128,,,,,,,,,,,,,,,,,,,
2026-miami,Miami,Hard,,M,,20260319,89,blanch-748a3,,,Blanch,,,,,,,struff,,,Struff,,,,,,,6-3 3-6 6-3,3,R128,,,,,,,,,,,,,,,,,,,
2026-miami,Miami,Hard,,M,,20260319,90,mannarino-a7108,,,Mannarino,,,,,,,zhang-45ae9,,,Zhang,,,,,,,6-3 6-2,3,R128,,,,,,,,,,,,,,,,,,,
2026-miami,Miami,Hard,,M,,20260319,91,bergs,,,Bergs,,,,,,,brooksby,,,Brooksby,,,,,,,7-5 6-2,3,R128,,,,,,,,,,,,,,,,,,,
2026-miami,Miami,Hard,,M,,20260319,92,bautista-agut,,,Bautista-Agut,,,,,,,duckworth,,,Duckworth,,,,,,,7-63 7-64,3,R128,,,,,,,,,,,,,,,,,,,
2026-miami,Miami,Hard,,M,,20260319,93,kouame-d4969,,,Kouame,,,,,,,svajda,,,Svajda,,,,,,,5-7 6-4 6-4,3,R128,,,,,,,,,,,,,,,,,,,
2026-miami,Miami,Hard,,M,,20260319,94,jodar,,,Jodar,,,,,,,hanfmann,,,Hanfmann,,,,,,,6-4 4-6 6-1,3,R128,,,,,,,,,,,,,,,,,,,
2026-miami,Miami,Hard,,M,,20260319,95,navone,,,Navone,,,,,,,basilashvili,,,Basilashvili,,,,,,,7-67 6-3,3,R128,,,,,,,,,,,,,,,,,,,
2026-monte-carlo,Monte Carlo,Clay,,M,,20260412,1,sinner-8b8e8,2,,Sinner,,,,,,,alcaraz-5ab70,1,,Alcaraz,,,,,,,7-65 6-3,3,F,,,,,,,,,,,,,,,,,,,
2026-monte-carlo,Monte Carlo,Clay,,M,,20260411,2,alcaraz-5ab70,1,,Alcaraz,,,,,,,vacherot,,,Vacherot,,,,,,,6-4 6-4,3,SF,,,,,,,,,,,,,,,,,,,
2026-monte-carlo,Monte Carlo,Clay,,M,,20260411,3,sinner-8b8e8,2,,Sinner,,,,,,,zverev-6f768,3,,Zverev,,,,,,,6-1 6-4,3,SF,,,,,,,,,,,,,,,,,,,
2026-monte-carlo,Monte Carlo,Clay,,M,,20260410,4,vacherot,,,Vacherot,,,,,,,de-minaur,5,,De Minaur,,,,,,,6-4 3-6 6-3,3,QF,,,,,,,,,,,,,,,,,,,
2026-monte-carlo,Monte Carlo,Clay,,M,,20260410,5,alcaraz-5ab70,1,,Alcaraz,,,,,,,bublik-43f80,8,,Bublik,,,,,,,6-3 6-0,3,QF,,,,,,,,,,,,,,,,,,,
2026-monte-carlo,Monte Carlo,Clay,,M,,20260410,6,sinner-8b8e8,2,,Sinner,,,,,,,auger-aliassime,6,,Auger Aliassime,,,,,,,6-3 6-4,3,QF,,,,,,,,,,,,,,,,,,,
2026-monte-carlo,Monte Carlo,Clay,,M,,20260410,7,zverev-6f768,3,,Zverev,,,,,,,fonseca-57dc1,,,Fonseca,,,,,,,7-5 63-7 6-3,3,QF,,,,,,,,,,,,,,,,,,,
2026-monte-carlo,Monte Carlo,Clay,,M,,20260409,8,vacherot,,,Vacherot,,,,,,,hurkacz,,,Hurkacz,,,,,,,64-7 6-3 6-4,3,R16,,,,,,,,,,,,,,,,,,,
2026-monte-carlo,Monte Carlo,Clay,,M,,20260409,9,de-minaur,5,,De Minaur,,,,,,,blockx,,,Blockx,,,,,,,7-5 7-64,3,R16,,,,,,,,,,,,,,,,,,,
2026-monte-carlo,Monte Carlo,Clay,,M,,20260409,10,alcaraz-5ab70,1,,Alcaraz,,,,,,,etcheverry-7101a,,,Etcheverry,,,,,,,6-1 4-6 6-3,3,R16,,,,,,,,,,,,,,,,,,,
2026-monte-carlo,Monte Carlo,Clay,,M,,20260409,11,bublik-43f80,8,,Bublik,,,,,,,lehecka,11,,Lehecka,,,,,,,6-2 7-5,3,R16,,,,,,,,,,,,,,,,,,,
2026-monte-carlo,Monte Carlo,Clay,,M,,20260409,12,sinner-8b8e8,2,,Sinner,,,,,,,machac,,,Machac,,,,,,,6-1 63-7 6-3,3,R16,,,,,,,,,,,,,,,,,,,
2026-monte-carlo,Monte Carlo,Clay,,M,,20260409,13,auger-aliassime,6,,Auger Aliassime,,,,,,,ruud-dfb38,9,,Ruud,,,,,,,7-5 2-2,3,R16,,,,,,,,,,,,,,,,,,,
2026-monte-carlo,Monte Carlo,Clay,,M,,20260409,14,zverev-6f768,3,,Zverev,,,,,,,bergs,,,Bergs,,,,,,,6-2 7-5,3,R16,,,,,,,,,,,,,,,,,,,
2026-monte-carlo,Monte Carlo,Clay,,M,,20260409,15,fonseca-57dc1,,,Fonseca,,,,,,,berrettini-707ad,,,Berrettini,,,,,,,6-3 6-2,3,R16,,,,,,,,,,,,,,,,,,,
2026-monte-carlo,Monte Carlo,Clay,,M,,20260408,16,hurkacz,,,Hurkacz,,,,,,,marozsan,,,Marozsan,,,,,,,6-2 6-3,3,R64,,,,,,,,,,,,,,,,,,,
2026-monte-carlo,Monte Carlo,Clay,,M,,20260408,17,vacherot,,,Vacherot,,,,,,,musetti,4,,Musetti,,,,,,,7-66 7-5,3,R64,,,,,,,,,,,,,,,,,,,
2026-monte-carlo,Monte Carlo,Clay,,M,,20260408,18,blockx,,,Blockx,,,,,,,cobolli-d6311,10,,Cobolli,,,,,,,6-3 6-3,3,R64,,,,,,,,,,,,,,,,,,,
2026-monte-carlo,Monte Carlo,Clay,,M,,20260408,19,etcheverry-7101a,,,Etcheverry,,,,,,,atmane,,,Atmane,,,,,,,3-6 6-3 6-2,3,R64,,,,,,,,,,,,,,,,,,,
2026-monte-carlo,Monte Carlo,Clay,,M,,20260408,20,ruud-dfb38,9,,Ruud,,,,,,,moutet,,,Moutet,,,,,,,7-5 6-3,3,R64,,,,,,,,,,,,,,,,,,,
2026-monte-carlo,Monte Carlo,Clay,,M,,20260408,21,auger-aliassime,6,,Auger Aliassime,,,,,,,cilic,,,Cilic,,,,,,,7-64 6-3,3,R64,,,,,,,,,,,,,,,,,,,
2026-monte-carlo,Monte Carlo,Clay,,M,,20260408,22,machac,,,Machac,,,,,,,cerundolo,16,,Cerundolo,,,,,,,7-62 6-3,3,R64,,,,,,,,,,,,,,,,,,,
2026-monte-carlo,Monte Carlo,Clay,,M,,20260408,23,fonseca-57dc1,,,Fonseca,,,,,,,rinderknech,,,Rinderknech,,,,,,,7-5 4-6 6-3,3,R64,,,,,,,,,,,,,,,,,,,
2026-monte-carlo,Monte Carlo,Clay,,M,,20260408,24,zverev-6f768,3,,Zverev,,,,,,,garin,,,Garin,,,,,,,4-6 6-4 7-5,3,R64,,,,,,,,,,,,,,,,,,,
2026-monte-carlo,Monte Carlo,Clay,,M,,20260408,25,bergs,,,Bergs,,,,,,,rublev,13,,Rublev,,,,,,,6-4 6-1,3,R64,,,,,,,,,,,,,,,,,,,
2026-monte-carlo,Monte Carlo,Clay,,M,,20260408,26,lehecka,11,,Lehecka,,,,,,,tabilo,,,Tabilo,,,,,,,4-6 7-64 6-3,3,R64,,,,,,,,,,,,,,,,,,,
2026-monte-carlo,Monte Carlo,Clay,,M,,20260408,27,berrettini-707ad,,,Berrettini,,,,,,,medvedev-e0d2d,7,,Medvedev,,,,,,,6-0 6-0,3,R64,,,,,,,,,,,,,,,,,,,
2026-monte-carlo,Monte Carlo,Clay,,M,,20260407,28,de-minaur,5,,De Minaur,,,,,,,norrie,,,Norrie,,,,,,,7-65 2-6 6-2,3,R64,,,,,,,,,,,,,,,,,,,
2026-monte-carlo,Monte Carlo,Clay,,M,,20260407,29,bublik-43f80,8,,Bublik,,,,,,,monfils,,,Monfils,,,,,,,6-4 6-4,3,R64,,,,,,,,,,,,,,,,,,,
2026-monte-carlo,Monte Carlo,Clay,,M,,20260407,30,alcaraz-5ab70,1,,Alcaraz,,,,,,,baez-a8fb1,,,Baez,,,,,,,6-1 6-3,3,R64,,,,,,,,,,,,,,,,,,,
2026-monte-carlo,Monte Carlo,Clay,,M,,20260407,31,sinner-8b8e8,2,,Sinner,,,,,,,humbert-e2553,,,Humbert,,,,,,,6-3 6-0,3,R64,,,,,,,,,,,,,,,,,,,
2026-monte-carlo,Monte Carlo,Clay,,M,,20260407,32,moutet,,,Moutet,,,,,,,muller-c81bc,,,Muller,,,,,,,6-4 6-1,3,R128,,,,,,,,,,,,,,,,,,,
2026-monte-carlo,Monte Carlo,Clay,,M,,20260407,33,ruud-dfb38,9,,Ruud,,,,,,,popyrin,,,Popyrin,,,,,,,6-3 6-4,3,R128,,,,,,,,,,,,,,,,,,,
2026-monte-carlo,Monte Carlo,Clay,,M,,20260407,34,atmane,,,Atmane,,,,,,,quinn-d0193,,,Quinn,,,,,,,6-1 6-4,3,R128,,,,,,,,,,,,,,,,,,,
2026-monte-carlo,Monte Carlo,Clay,,M,,20260407,35,marozsan,,,Marozsan,,,,,,,dzumhur,,,Dzumhur,,,,,,,6-2 6-1,3,R128,,,,,,,,,,,,,,,,,,,
2026-monte-carlo,Monte Carlo,Clay,,M,,20260407,36,cilic,,,Cilic,,,,,,,shevchenko-3bd40,,,Shevchenko,,,,,,,6-1 6-3,3,R128,,,,,,,,,,,,,,,,,,,
2026-monte-carlo,Monte Carlo,Clay,,M,,20260407,37,etcheverry-7101a,,,Etcheverry,,,,,,,dimitrov-779bc,,,Dimitrov,,,,,,,6-4 2-6 6-3,3,R128,,,,,,,,,,,,,,,,,,,
2026-monte-carlo,Monte Carlo,Clay,,M,,20260407,38,hurkacz,,,Hurkacz,,,,,,,darderi,15,,Darderi,,,,,,,7-64 5-7 6-1,3,R128,,,,,,,,,,,,,,,,,,,
2026-monte-carlo,Monte Carlo,Clay,,M,,20260407,39,berrettini-707ad,,,Berrettini,,,,,,,bautista-agut,,,Bautista-Agut,,,,,,,4-0,3,R128,,,,,,,,,,,,,,,,,,,
2026-monte-carlo,Monte Carlo,Clay,,M,,20260406,40,cobolli-d6311,10,,Cobolli,,,,,,,comesana-c17e0,,,Comesana,,,,,,,7-5 2-6 6-3,3,R128,,,,,,,,,,,,,,,,,,,
2026-monte-carlo,Monte Carlo,Clay,,M,,20260406,41,vacherot,,,Vacherot,,,,,,,cerundolo-08df6,,,Cerundolo,,,,,,,5-7 6-2 6-1,3,R128,,,,,,,,,,,,,,,,,,,
2026-monte-carlo,Monte Carlo,Clay,,M,,20260406,42,fonseca-57dc1,,,Fonseca,,,,,,,diallo-dd116,,,Diallo,,,,,,,6-2 6-3,3,R128,,,,,,,,,,,,,,,,,,,
2026-monte-carlo,Monte Carlo,Clay,,M,,20260406,43,blockx,,,Blockx,,,,,,,shapovalov,,,Shapovalov,,,,,,,6-4 4-6 6-3,3,R128,,,,,,,,,,,,,,,,,,,
2026-monte-carlo,Monte Carlo,Clay,,M,,20260406,44,machac,,,Machac,,,,,,,altmaier,,,Altmaier,,,,,,,6-4 1-6 6-3,3,R128,,,,,,,,,,,,,,,,,,,
2026-monte-carlo,Monte Carlo,Clay,,M,,20260406,45,cerundolo,16,,Cerundolo,,,,,,,tsitsipas-b526f,,,Tsitsipas,,,,,,,7-5 6-4,3,R128,,,,,,,,,,,,,,,,,,,
2026-monte-carlo,Monte Carlo,Clay,,M,,20260406,46,garin,,,Garin,,,,,,,arnaldi,,,Arnaldi,,,,,,,6-2 6-4,3,R128,,,,,,,,,,,,,,,,,,,
2026-monte-carlo,Monte Carlo,Clay,,M,,20260406,47,baez-a8fb1,,,Baez,,,,,,,wawrinka-ffdb9,,,Wawrinka,,,,,,,7-5 7-5,3,R128,,,,,,,,,,,,,,,,,,,
2026-monte-carlo,Monte Carlo,Clay,,M,,20260406,48,lehecka,11,,Lehecka,,,,,,,nava-337db,,,Nava,,,,,,,7-61 68-7 6-2,3,R128,,,,,,,,,,,,,,,,,,,
2026-monte-carlo,Monte Carlo,Clay,,M,,20260406,49,bergs,,,Bergs,,,,,,,mannarino-a7108,,,Mannarino,,,,,,,6-4 6-3,3,R128,,,,,,,,,,,,,,,,,,,
2026-monte-carlo,Monte Carlo,Clay,,M,,20260406,50,rinderknech,,,Rinderknech,,,,,,,khachanov,12,,Khachanov,,,,,,,7-5 6-2,3,R128,,,,,,,,,,,,,,,,,,,
2026-monte-carlo,Monte Carlo,Clay,,M,,20260406,51,rublev,13,,Rublev,,,,,,,borges-8d823,,,Borges,,,,,,,6-4 1-6 6-1,3,R128,,,,,,,,,,,,,,,,,,,
2026-monte-carlo,Monte Carlo,Clay,,M,,20260405,52,humbert-e2553,,,Humbert,,,,,,,kouame-d4969,,,Kouame,,,,,,,6-3 7-5,3,R128,,,,,,,,,,,,,,,,,,,
2026-monte-carlo,Monte Carlo,Clay,,M,,20260405,53,tabilo,,,Tabilo,,,,,,,fucsovics,,,Fucsovics,,,,,,,6-4 6-3,3,R128,,,,,,,,,,,,,,,,,,,
2026-monte-carlo,Monte Carlo,Clay,,M,,20260405,54,monfils,,,Monfils,,,,,,,griekspoor-d58ed,,,Griekspoor,,,,,,,67-7 6-1 6-4,3,R128,,,,,,,,,,,,,,,,,,,
2026-monte-carlo,Monte Carlo,Clay,,M,,20260405,55,norrie,,,Norrie,,,,,,,kecmanovic,,,Kecmanovic,,,,,,,6-2 4-6 7-60,3,R128,,,,,,,,,,,,,,,,,,,
2026-madrid,Madrid,Clay,,M,,20260422,1,tabilo,,,Tabilo,,,,,,,royer,,,Royer,,,,,,,6-2 6-4,3,R128,,,,,,,,,,,,,,,,,,,
2026-madrid,Madrid,Clay,,M,,20260422,2,jodar,,,Jodar,,,,,,,de-jong-57322,,,De Jong,,,,,,,2-6 7-5 6-4,3,R128,,,,,,,,,,,,,,,,,,,
2026-madrid,Madrid,Clay,,M,,20260422,3,machac,,,Machac,,,,,,,comesana-c17e0,,,Comesana,,,,,,,3-6 7-63 6-3,3,R128,,,,,,,,,,,,,,,,,,,
2026-madrid,Madrid,Clay,,M,,20260422,4,bonzi-a38fa,,,Bonzi,,,,,,,droguet,,,Droguet,,,,,,,64-7 7-64 6-4,3,R128,,,,,,,,,,,,,,,,,,,
2026-madrid,Madrid,Clay,,M,,20260422,5,hurkacz,,,Hurkacz,,,,,,,faria-4754c,,,Faria,,,,,,,6-3 6-3,3,R128,,,,,,,,,,,,,,,,,,,
2026-madrid,Madrid,Clay,,M,,20260422,6,moller-6ea06,,,Moller,,,,,,,cina,,,Cina,,,,,,,6-4 7-64,3,R128,,,,,,,,,,,,,,,,,,,
2026-madrid,Madrid,Clay,,M,,20260422,7,tirante,,,Tirante,,,,,,,bautista-agut,,,Bautista-Agut,,,,,,,6-2 6-4,3,R128,,,,,,,,,,,,,,,,,,,
2026-madrid,Madrid,Clay,,M,,20260422,8,ofner-44428,,,Ofner,,,,,,,basilashvili,,,Basilashvili,,,,,,,7-65 7-60,3,R128,,,,,,,,,,,,,,,,,,,
2026-madrid,Madrid,Clay,,M,,20260422,9,lajovic,,,Lajovic,,,,,,,sonego,,,Sonego,,,,,,,6-3 7-61,3,R128,,,,,,,,,,,,,,,,,,,
2026-madrid,Madrid,Clay,,M,,20260422,10,struff,,,Struff,,,,,,,muller-c81bc,,,Muller,,,,,,,7-63 6-0,3,R128,,,,,,,,,,,,,,,,,,,
2026-madrid,Madrid,Clay,,M,,20260422,11,prizmic,,,Prizmic,,,,,,,berrettini-707ad,,,Berrettini,,,,,,,6-3 6-4,3,R128,,,,,,,,,,,,,,,,,,,
2026-madrid,Madrid,Clay,,M,,20260422,12,dzumhur,,,Dzumhur,,,,,,,bellucci-47e7e,,,Bellucci,,,,,,,6-2 6-4,3,R128,,,,,,,,,,,,,,,,,,,
2026-madrid,Madrid,Clay,,M,,20260422,13,buse,,,Buse,,,,,,,mannarino-a7108,,,Mannarino,,,,,,,6-4 6-2,3,R128,,,,,,,,,,,,,,,,,,,
2026-madrid,Madrid,Clay,,M,,20260422,14,kopriva,,,Kopriva,,,,,,,zhang-45ae9,,,Zhang,,,,,,,6-2 6-0,3,R128,,,,,,,,,,,,,,,,,,,
2026-madrid,Madrid,Clay,,M,,20260422,15,cilic,,,Cilic,,,,,,,bergs,,,Bergs,,,,,,,4-6 6-3 6-4,3,R128,,,,,,,,,,,,,,,,,,,
2026-madrid,Madrid,Clay,,M,,20260422,16,nava-337db,,,Nava,,,,,,,brooksby,,,Brooksby,,,,,,,6-3 7-5,3,R128,,,,,,,,,,,,,,,,,,,
2026-united-cup,United Cup,Hard,,D,,20260111,1,hurkacz,,,Hurkacz,,,,,,,wawrinka-ffdb9,,,Wawrinka,,,,,,,6-3 3-6 6-3,3,,,,,,,,,,,,,,,,,,,,
2026-united-cup,United Cup,Hard,,D,,20260110,2,hurkacz,,,Hurkacz,,,,,,,fritz-f1aa7,,,Fritz,,,,,,,7-61 7-62,3,,,,,,,,,,,,,,,,,,,,
2026-united-cup,United Cup,Hard,,D,,20260110,3,bergs,,,Bergs,,,,,,,wawrinka-ffdb9,,,Wawrinka,,,,,,,6-3 64-7 6-3,3,,,,,,,,,,,,,,,,,,,,
2026-united-cup,United Cup,Hard,,D,,20260109,4,de-minaur,,,De Minaur,,,,,,,hurkacz,,,Hurkacz,,,,,,,6-4 4-6 6-4,3,,,,,,,,,,,,,,,,,,,,
2026-united-cup,United Cup,Hard,,D,,20260108,5,bergs,,,Bergs,,,,,,,mensik,,,Mensik,,,,,,,6-2 7-64,3,,,,,,,,,,,,,,,,,,,,
2026-united-cup,United Cup,Hard,,D,,20260107,6,baez-a8fb1,,,Baez,,,,,,,wawrinka-ffdb9,,,Wawrinka,,,,,,,7-5 6-4,3,,,,,,,,,,,,,,,,,,,,
2026-united-cup,United Cup,Hard,,D,,20260107,7,tsitsipas-b526f,,,Tsitsipas,,,,,,,fritz-f1aa7,,,Fritz,,,,,,,6-4 7-5,3,,,,,,,,,,,,,,,,,,,,
2026-united-cup,United Cup,Hard,,D,,20260107,8,hurkacz,,,Hurkacz,,,,,,,griekspoor-d58ed,,,Griekspoor,,,,,,,6-3 7-64,3,,,,,,,,,,,,,,,,,,,,
2026-united-cup,United Cup,Hard,,D,,20260106,9,de-minaur,,,De Minaur,,,,,,,mensik,,,Mensik,,,,,,,6-4 6-1,3,,,,,,,,,,,,,,,,,,,,
2026-united-cup,United Cup,Hard,,D,,20260106,10,rinderknech,,,Rinderknech,,,,,,,cobolli-d6311,,,Cobolli,,,,,,,64-7 7-65 7-5,3,,,,,,,,,,,,,,,,,,,,
2026-united-cup,United Cup,Hard,,D,,20260106,11,bergs,,,Bergs,,,,,,,auger-aliassime,,,Auger Aliassime,,,,,,,6-4 6-2,3,,,,,,,,,,,,,,,,,,,,
2026-united-cup,United Cup,Hard,,D,,20260105,12,tsitsipas-b526f,,,Tsitsipas,,,,,,,harris-5a94c,,,Harris,,,,,,,4-6 6-1 7-64,3,,,,,,,,,,,,,,,,,,,,
2026-united-cup,United Cup,Hard,,D,,20260105,13,hurkacz,,,Hurkacz,,,,,,,zverev-6f768,,,Zverev,,,,,,,6-3 6-4,3,,,,,,,,,,,,,,,,,,,,
2026-united-cup,United Cup,Hard,,D,,20260105,14,fritz-f1aa7,,,Fritz,,,,,,,munar-d1298,,,Munar,,,,,,,7-64 3-6 7-66,3,,,,,,,,,,,,,,,,,,,,
2026-united-cup,United Cup,Hard,,D,,20260105,15,mensik,,,Mensik,,,,,,,ruud-dfb38,,,Ruud,,,,,,,7-5 7-66,3,,,,,,,,,,,,,,,,,,,,
2026-united-cup,United Cup,Hard,,D,,20260104,16,cobolli-d6311,,,Cobolli,,,,,,,wawrinka-ffdb9,,,Wawrinka,,,,,,,6-4 62-7 7-64,3,,,,,,,,,,,,,,,,,,,,
2026-united-cup,United Cup,Hard,,D,,20260104,17,auger-aliassime,,,Auger Aliassime,,,,,,,zhang-45ae9,,,Zhang,,,,,,,6-4 6-4,3,,,,,,,,,,,,,,,,,,,,
2026-united-cup,United Cup,Hard,,D,,20260104,18,harris-5a94c,,,Harris,,,,,,,mochizuki-f2487,,,Mochizuki,,,,,,,7-64 6-3,3,,,,,,,,,,,,,,,,,,,,
2026-united-cup,United Cup,Hard,,D,,20260104,19,zverev-6f768,,,Zverev,,,,,,,griekspoor-d58ed,,,Griekspoor,,,,,,,7-5 6-0,3,,,,,,,,,,,,,,,,,,,,
2026-united-cup,United Cup,Hard,,D,,20260103,20,baez-a8fb1,,,Baez,,,,,,,fritz-f1aa7,,,Fritz,,,,,,,4-6 7-5 6-4,3,,,,,,,,,,,,,,,,,,,,
2026-united-cup,United Cup,Hard,,D,,20260103,21,ruud-dfb38,,,Ruud,,,,,,,de-minaur,,,De Minaur,,,,,,,6-3 6-3,3,,,,,,,,,,,,,,,,,,,,
2026-united-cup,United Cup,Hard,,D,,20260103,22,wawrinka-ffdb9,,,Wawrinka,,,,,,,rinderknech,,,Rinderknech,,,,,,,5-7 7-65 7-65,3,,,,,,,,,,,,,,,,,,,,
2026-united-cup,United Cup,Hard,,D,,20260103,23,zhang-45ae9,,,Zhang,,,,,,,bergs,,,Bergs,,,,,,,62-7 7-63 7-5,3,,,,,,,,,,,,,,,,,,,,
2026-united-cup,United Cup,Hard,,D,,20260102,24,tsitsipas-b526f,,,Tsitsipas,,,,,,,mochizuki-f2487,,,Mochizuki,,,,,,,6-3 6-4,3,,,,,,,,,,,,,,,,,,,,
2026-united-cup,United Cup,Hard,,D,,20260102,25,baez-a8fb1,,,Baez,,,,,,,munar-d1298,,,Munar,,,,,,,6-4 6-4,3,,,,,,,,,,,,,,,,,,,,
2026-davis-cup,Davis Cup,Hard,,D,,20260208,1,dellien-e101c,,,Dellien,,,,,,,marshall-0d239,,,Marshall,,,,,,,7-64 7-66,3,,,,,,,,,,,,,,,,,,,,
2026-davis-cup,Davis Cup,Hard,,D,,20260208,2,kubler-21879,,,Kubler,,,,,,,camacho-47a51,,,Camacho,,,,,,,6-4 6-2,3,,,,,,,,,,,,,,,,,,,,
2026-davis-cup,Davis Cup,Hard,,D,,20260208,3,roncadelli,,,Roncadelli,,,,,,,bicknell-8dc8a,,,Bicknell,,,,,,,6-3 5-7 6-4,3,,,,,,,,,,,,,,,,,,,,
2026-davis-cup,Davis Cup,Hard,,D,,20260208,4,king-01912,,,King,,,,,,,prado-angelo,,,Prado Angelo,,,,,,,7-5 6-1,3,,,,,,,,,,,,,,,,,,,,
2026-davis-cup,Davis Cup,Hard,,D,,20260208,5,tsitsipas-b526f,,,Tsitsipas,,,,,,,pacheco-mendez,,,Pacheco Mendez,,,,,,,6-1 7-5,3,,,,,,,,,,,,,,,,,,,,
2026-davis-cup,Davis Cup,Hard,,D,,20260208,6,elamin,,,Elamin,,,,,,,makzoume-ae98c,,,Makzoume,,,,,,,6-3 6-2,3,,,,,,,,,,,,,,,,,,,,
2026-davis-cup,Davis Cup,Hard,,D,,20260208,7,suresh-f2001,,,Suresh,,,,,,,den-ouden,,,Den Ouden,,,,,,,6-4 7-64,3,,,,,,,,,,,,,,,,,,,,
2026-davis-cup,Davis Cup,Hard,,D,,20260208,8,wallin-c26c8,,,Wallin,,,,,,,mrva,,,Mrva,,,,,,,6-4 7-61,3,,,,,,,,,,,,,,,,,,,,
2026-davis-cup,Davis Cup,Hard,,D,,20260208,9,rinderknech,,,Rinderknech,,,,,,,molcan,,,Molcan,,,,,,,7-5 7-66,3,,,,,,,,,,,,,,,,,,,,
2026-davis-cup,Davis Cup,Hard,,D,,20260208,10,alazmeh-544a8,,,Alazmeh,,,,,,,agwi,,,Agwi,,,,,,,6-1 6-4,3,,,,,,,,,,,,,,,,,,,,
2026-davis-cup,Davis Cup,Hard,,D,,20260208,11,collignon,,,Collignon,,,,,,,ivanov-5f3c9,,,Ivanov,,,,,,,6-2 6-2,3,,,,,,,,,,,,,,,,,,,,
2026-davis-cup,Davis Cup,Hard,,D,,20260208,12,megalemos,,,Megalemos,,,,,,,aleksovski-9c23e,,,Aleksovski,,,,,,,7-68 6-1,3,,,,,,,,,,,,,,,,,,,,
2026-davis-cup,Davis Cup,Hard,,D,,20260208,13,ovcharenko-bb3a3,,,Ovcharenko,,,,,,,calzi,,,Calzi,,,,,,,6-4 6-4,3,,,,,,,,,,,,,,,,,,,,
2026-davis-cup,Davis Cup,Hard,,D,,20260208,14,nava-337db,,,Nava,,,,,,,fuele,,,Fuele,,,,,,,6-2 6-3,3,,,,,,,,,,,,,,,,,,,,
2026-davis-cup,Davis Cup,Hard,,D,,20260208,15,de-jong-57322,,,De Jong,,,,,,,nagal,,,Nagal,,,,,,,5-7 6-1 6-4,3,,,,,,,,,,,,,,,,,,,,
2026-davis-cup,Davis Cup,Hard,,D,,20260208,16,efstathiou-a23e0,,,Efstathiou,,,,,,,huseinovikj,,,Huseinovikj,,,,,,,6-2 7-5,3,,,,,,,,,,,,,,,,,,,,
2026-davis-cup,Davis Cup,Hard,,D,,20260208,17,duran-fd3b3,,,Duran,,,,,,,klegou,,,Klegou,,,,,,,6-2 7-5,3,,,,,,,,,,,,,,,,,,,,
2026-davis-cup,Davis Cup,Hard,,D,,20260208,18,mejia-a7d27,,,Mejia,,,,,,,bennani-3005c,,,Bennani,,,,,,,6-1 4-6 6-2,3,,,,,,,,,,,,,,,,,,,,
2026-davis-cup,Davis Cup,Hard,,D,,20260208,19,beckley,,,Beckley,,,,,,,krivokapic,,,Krivokapic,,,,,,,7-63 6-3,3,,,,,,,,,,,,,,,,,,,,
2026-davis-cup,Davis Cup,Hard,,D,,20260208,20,adeleye,,,Adeleye,,,,,,,ignatov,,,Ignatov,,,,,,,6-3 6-4,3,,,,,,,,,,,,,,,,,,,,
2026-davis-cup,Davis Cup,Hard,,D,,20260208,21,campbell-71163,,,Campbell,,,,,,,janev,,,Janev,,,,,,,6-2 7-5,3,,,,,,,,,,,,,,,,,,,,
2026-davis-cup,Davis Cup,Hard,,D,,20260208,22,henning-421d6,,,Henning,,,,,,,jovanovic-9f2af,,,Jovanovic,,,,,,,6-3 6-2,3,,,,,,,,,,,,,,,,,,,,
2026-davis-cup,Davis Cup,Hard,,D,,20260208,23,pieczonka-07acc,,,Pieczonka,,,,,,,ibrahim-6343c,,,Ibrahim,,,,,,,7-5 6-2,3,,,,,,,,,,,,,,,,,,,,
2026-davis-cup,Davis Cup,Hard,,D,,20260208,24,hiiesalu,,,Hiiesalu,,,,,,,yssel-0ee72,,,Yssel,,,,,,,6-2 6-3,3,,,,,,,,,,,,,,,,,,,,
2026-davis-cup,Davis Cup,Hard,,D,,20260208,25,chung-bdb8e,,,Chung,,,,,,,trungelliti,,,Trungelliti,,,,,,,6-4 6-3,3,,,,,,,,,,,,,,,,,,,,
2026-davis-cup,Davis Cup,Hard,,D,,20260208,26,virtanen-7d161,,,Virtanen,,,,,,,wong-d3ead,,,Wong,,,,,,,7-5 6-2,3,,,,,,,,,,,,,,,,,,,,
2026-davis-cup,Davis Cup,Hard,,D,,20260208,27,susanto-31f06,,,Susanto,,,,,,,kadangah-kili-5fa34,,,Kadangah Kili,,,,,,,6-1 6-4,3,,,,,,,,,,,,,,,,,,,,
2026-davis-cup,Davis Cup,Hard,,D,,20260208,28,sornlaksup,,,Sornlaksup,,,,,,,mesarovic,,,Mesarovic,,,,,,,2-6 6-4 11-9,3,,,,,,,,,,,,,,,,,,,,
2026-davis-cup,Davis Cup,Hard,,D,,20260208,29,kwon-b3d34,,,Kwon,,,,,,,tirante,,,Tirante,,,,,,,6-4 4-6 6-3,3,,,,,,,,,,,,,,,,,,,,
2026-davis-cup,Davis Cup,Hard,,D,,20260208,30,wu-f664e,,,Wu,,,,,,,hassan-1d510,,,Hassan,,,,,,,6-3 6-4,3,,,,,,,,,,,,,,,,,,,,
2026-davis-cup,Davis Cup,Hard,,D,,20260208,31,draxl,,,Draxl,,,,,,,heide-17a3d,,,Heide,,,,,,,6-3 6-4,3,,,,,,,,,,,,,,,,,,,,
2026-davis-cup,Davis Cup,Hard,,D,,20260208,32,shepp,,,Shepp,,,,,,,basic,,,Basic,,,,,,,6-2 6-4,3,,,,,,,,,,,,,,,,,,,,
2026-davis-cup,Davis Cup,Hard,,D,,20260208,33,watt-a298b,,,Watt,,,,,,,nedic,,,Nedic,,,,,,,6-3 7-64,3,,,,,,,,,,,,,,,,,,,,
2026-davis-cup,Davis Cup,Hard,,D,,20260208,34,diallo-dd116,,,Diallo,,,,,,,pucinelli-de-almeida,,,Pucinelli De Almeida,,,,,,,3-6 6-1 7-64,3,,,,,,,,,,,,,,,,,,,,
2026-davis-cup,Davis Cup,Hard,,D,,20260208,35,soto-fec8d,,,Soto,,,,,,,djuric-2d0e6,,,Djuric,,,,,,,62-7 7-64 10-7,3,,,,,,,,,,,,,,,,,,,,
2026-davis-cup,Davis Cup,Hard,,D,,20260207,36,vallejo-d7859,,,Vallejo,,,,,,,palosi,,,Palosi,,,,,,,6-1 6-2,3,,,,,,,,,,,,,,,,,,,,
2026-davis-cup,Davis Cup,Hard,,D,,20260207,37,andrade-58258,,,Andrade,,,,,,,duckworth,,,Duckworth,,,,,,,3-6 6-3 7-5,3,,,,,,,,,,,,,,,,,,,,
2026-davis-cup,Davis Cup,Hard,,D,,20260207,38,bicknell-8dc8a,,,Bicknell,,,,,,,aguilar-cardozo,,,Aguilar Cardozo,,,,,,,6-3 3-6 7-65,3,,,,,,,,,,,,,,,,,,,,
2026-davis-cup,Davis Cup,Hard,,D,,20260207,39,guillen-meza,,,Guillen Meza,,,,,,,hijikata,,,Hijikata,,,,,,,6-4 1-6 6-4,3,,,,,,,,,,,,,,,,,,,,
2026-davis-cup,Davis Cup,Hard,,D,,20260207,40,tsitsipas-b526f,,,Tsitsipas,,,,,,,magadan-68c65,,,Magadan,,,,,,,6-3 7-61,3,,,,,,,,,,,,,,,,,,,,
2026-davis-cup,Davis Cup,Hard,,D,,20260207,41,king-01912,,,King,,,,,,,dellien-e101c,,,Dellien,,,,,,,66-7 6-4 7-62,3,,,,,,,,,,,,,,,,,,,,
2026-davis-cup,Davis Cup,Hard,,D,,20260207,42,valeinis-ea0de,,,Valeinis,,,,,,,munoz-1a9fc,,,Munoz,,,,,,,7-5 66-7 10-6,3,,,,,,,,,,,,,,,,,,,,
2026-davis-cup,Davis Cup,Hard,,D,,20260207,43,roncadelli,,,Roncadelli,,,,,,,phillips-ad20d,,,Phillips,,,,,,,6-3 7-64,3,,,,,,,,,,,,,,,,,,,,
2026-davis-cup,Davis Cup,Hard,,D,,20260207,44,rinderknech,,,Rinderknech,,,,,,,gombos,,,Gombos,,,,,,,7-61 7-66,3,,,,,,,,,,,,,,,,,,,,
2026-davis-cup,Davis Cup,Hard,,D,,20260207,45,pacheco-mendez,,,Pacheco Mendez,,,,,,,sakellaridis-6aacb,,,Sakellaridis,,,,,,,6-2 4-6 6-3,3,,,,,,,,,,,,,,,,,,,,
2026-davis-cup,Davis Cup,Hard,,D,,20260207,46,prado-angelo,,,Prado Angelo,,,,,,,marshall-0d239,,,Marshall,,,,,,,6-3 4-6 6-3,3,,,,,,,,,,,,,,,,,,,,
2026-davis-cup,Davis Cup,Hard,,D,,20260207,47,quinn-d0193,,,Quinn,,,,,,,marozsan,,,Marozsan,,,,,,,3-6 6-3 7-611,3,,,,,,,,,,,,,,,,,,,,
2026-davis-cup,Davis Cup,Hard,,D,,20260207,48,blockx,,,Blockx,,,,,,,radulov,,,Radulov,,,,,,,63-7 6-4 6-1,3,,,,,,,,,,,,,,,,,,,,
2026-davis-cup,Davis Cup,Hard,,D,,20260207,49,brunold-a21c2,,,Brunold,,,,,,,ouakaa,,,Ouakaa,,,,,,,6-2 6-2,3,,,,,,,,,,,,,,,,,,,,
2026-davis-cup,Davis Cup,Hard,,D,,20260207,50,engel-6e09f,,,Engel,,,,,,,bueno-01b7e,,,Bueno,,,,,,,6-3 64-7 10-6,3,,,,,,,,,,,,,,,,,,,,
2026-davis-cup,Davis Cup,Hard,,D,,20260207,51,svrcina,,,Svrcina,,,,,,,wallin-c26c8,,,Wallin,,,,,,,6-1 6-3,3,,,,,,,,,,,,,,,,,,,,
2026-davis-cup,Davis Cup,Hard,,D,,20260207,52,montgomery-e782e,,,Montgomery,,,,,,,tkemaladze,,,Tkemaladze,,,,,,,2-6 7-64 6-3,3,,,,,,,,,,,,,,,,,,,,
2026-davis-cup,Davis Cup,Hard,,D,,20260207,53,prizmic,,,Prizmic,,,,,,,moller-6ea06,,,Moller,,,,,,,7-65 7-62,3,,,,,,,,,,,,,,,,,,,,
2026-davis-cup,Davis Cup,Hard,,D,,20260207,54,knaff,,,Knaff,,,,,,,orlov-d8e3f,,,Orlov,,,,,,,7-62 6-2,3,,,,,,,,,,,,,,,,,,,,
2026-davis-cup,Davis Cup,Hard,,D,,20260207,55,molcan,,,Molcan,,,,,,,muller-c81bc,,,Muller,,,,,,,6-4 6-4,3,,,,,,,,,,,,,,,,,,,,
2026-davis-cup,Davis Cup,Hard,,D,,20260207,56,suresh-f2001,,,Suresh,,,,,,,de-jong-57322,,,De Jong,,,,,,,6-4 7-5,3,,,,,,,,,,,,,,,,,,,,
2026-davis-cup,Davis Cup,Hard,,D,,20260207,57,buldorini,,,Buldorini,,,,,,,alazmeh-544a8,,,Alazmeh,,,,,,,7-65 6-4,3,,,,,,,,,,,,,,,,,,,,
2026-davis-cup,Davis Cup,Hard,,D,,20260207,58,vacherot,,,Vacherot,,,,,,,bublik-43f80,,,Bublik,,,,,,,7-64 7-67,3,,,,,,,,,,,,,,,,,,,,
2026-davis-cup,Davis Cup,Hard,,D,,20260207,59,mejia-a7d27,,,Mejia,,,,,,,baadi,,,Baadi,,,,,,,6-3 6-2,3,,,,,,,,,,,,,,,,,,,,
2026-davis-cup,Davis Cup,Hard,,D,,20260207,60,adeleye,,,Adeleye,,,,,,,usmonjonov,,,Usmonjonov,,,,,,,4-6 6-2 6-4,3,,,,,,,,,,,,,,,,,,,,
2026-davis-cup,Davis Cup,Hard,,D,,20260207,61,lehecka,,,Lehecka,,,,,,,madaras,,,Madaras,,,,,,,6-3 6-4,3,,,,,,,,,,,,,,,,,,,,
2026-davis-cup,Davis Cup,Hard,,D,,20260207,62,rodesch,,,Rodesch,,,,,,,krutykh,,,Krutykh,,,,,,,6-3 6-1,3,,,,,,,,,,,,,,,,,,,,
2026-davis-cup,Davis Cup,Hard,,D,,20260207,63,naw,,,Naw,,,,,,,agwi,,,Agwi,,,,,,,6-1 6-3,3,,,,,,,,,,,,,,,,,,,,
2026-davis-cup,Davis Cup,Hard,,D,,20260207,64,planinsek,,,Planinsek,,,,,,,kosaner,,,Kosaner,,,,,,,64-7 6-1 10-4,3,,,,,,,,,,,,,,,,,,,,
2026-davis-cup,Davis Cup,Hard,,D,,20260207,65,collignon,,,Collignon,,,,,,,vasilev-518d3,,,Vasilev,,,,,,,6-3 6-3,3,,,,,,,,,,,,,,,,,,,,
2026-davis-cup,Davis Cup,Hard,,D,,20260207,66,paul-324c3,,,Paul,,,,,,,piros,,,Piros,,,,,,,7-63 6-3,3,,,,,,,,,,,,,,,,,,,,
2026-davis-cup,Davis Cup,Hard,,D,,20260207,67,molder,,,Molder,,,,,,,van-schalkwyk,,,Van Schalkwyk,,,,,,,6-4 4-6 6-4,3,,,,,,,,,,,,,,,,,,,,
2026-davis-cup,Davis Cup,Hard,,D,,20260207,68,purtseladze,,,Purtseladze,,,,,,,phillips-48340,,,Phillips,,,,,,,6-4 7-5,3,,,,,,,,,,,,,,,,,,,,
2026-davis-cup,Davis Cup,Hard,,D,,20260207,69,gaubas,,,Gaubas,,,,,,,vales,,,Vales,,,,,,,6-1 3-6 6-2,3,,,,,,,,,,,,,,,,,,,,
2026-davis-cup,Davis Cup,Hard,,D,,20260207,70,klegou,,,Klegou,,,,,,,fuentes-vasquez,,,Fuentes Vásquez,,,,,,,1-6 7-65 6-4,3,,,,,,,,,,,,,,,,,,,,
2026-davis-cup,Davis Cup,Hard,,D,,20260207,71,kasnikowski,,,Kasnikowski,,,,,,,bassem-sobhy,,,Bassem Sobhy,,,,,,,6-1 7-67,3,,,,,,,,,,,,,,,,,,,,
2026-davis-cup,Davis Cup,Hard,,D,,20260207,72,den-ouden,,,Den Ouden,,,,,,,nagal,,,Nagal,,,,,,,6-0 4-6 6-3,3,,,,,,,,,,,,,,,,,,,,
2026-davis-cup,Davis Cup,Hard,,D,,20260207,73,photiades-30887,,,Photiades,,,,,,,micov,,,Micov,,,,,,,6-3 6-0,3,,,,,,,,,,,,,,,,,,,,
2026-davis-cup,Davis Cup,Hard,,D,,20260207,74,jovanovic-9f2af,,,Jovanovic,,,,,,,beckley,,,Beckley,,,,,,,6-2 3-6 6-3,3,,,,,,,,,,,,,,,,,,,,
2026-davis-cup,Davis Cup,Hard,,D,,20260207,75,bennani-3005c,,,Bennani,,,,,,,soriano-barrera,,,Soriano Barrera,,,,,,,7-64 7-5,3,,,,,,,,,,,,,,,,,,,,
2026-davis-cup,Davis Cup,Hard,,D,,20260207,76,lajal,,,Lajal,,,,,,,dippenaar,,,Dippenaar,,,,,,,6-1 6-4,3,,,,,,,,,,,,,,,,,,,,
2026-davis-cup,Davis Cup,Hard,,D,,20260207,77,sultanov,,,Sultanov,,,,,,,abua,,,Abua,,,,,,,6-3 6-4,3,,,,,,,,,,,,,,,,,,,,
2026-davis-cup,Davis Cup,Hard,,D,,20260207,78,henning-421d6,,,Henning,,,,,,,krivokapic,,,Krivokapic,,,,,,,6-4 6-2,3,,,,,,,,,,,,,,,,,,,,
2026-davis-cup,Davis Cup,Hard,,D,,20260207,79,efstathiou-a23e0,,,Efstathiou,,,,,,,huseinovikj,,,Huseinovikj,,,,,,,6-2 6-0,3,,,,,,,,,,,,,,,,,,,,
2026-davis-cup,Davis Cup,Hard,,D,,20260207,80,rodionov-f5e38,,,Rodionov,,,,,,,nishioka,,,Nishioka,,,,,,,5-7 6-1 6-0,3,,,,,,,,,,,,,,,,,,,,
2026-davis-cup,Davis Cup,Hard,,D,,20260207,81,duran-fd3b3,,,Duran,,,,,,,agbo-panzo,,,Agbo-Panzo,,,,,,,6-2 7-5,3,,,,,,,,,,,,,,,,,,,,
2026-davis-cup,Davis Cup,Hard,,D,,20260207,82,filar,,,Filar,,,,,,,zakaryia,,,Zakaryia,,,,,,,6-2 6-0,3,,,,,,,,,,,,,,,,,,,,
2026-davis-cup,Davis Cup,Hard,,D,,20260207,83,wong-d3ead,,,Wong,,,,,,,vasa,,,Vasa,,,,,,,6-4 6-2,3,,,,,,,,,,,,,,,,,,,,
2026-davis-cup,Davis Cup,Hard,,D,,20260207,84,shoaib,,,Shoaib,,,,,,,jadoun,,,Jadoun,,,,,,,7-5 6-2,3,,,,,,,,,,,,,,,,,,,,
2026-davis-cup,Davis Cup,Hard,,D,,20260207,85,neumayer,,,Neumayer,,,,,,,mochizuki-f2487,,,Mochizuki,,,,,,,6-3 6-3,3,,,,,,,,,,,,,,,,,,,,
2026-davis-cup,Davis Cup,Hard,,D,,20260207,86,virtanen-7d161,,,Virtanen,,,,,,,cheng-0aec1,,,Cheng,,,,,,,6-0 6-1,3,,,,,,,,,,,,,,,,,,,,
2026-davis-cup,Davis Cup,Hard,,D,,20260207,87,zhang-45ae9,,,Zhang,,,,,,,borges-8d823,,,Borges,,,,,,,7-5 6-4,3,,,,,,,,,,,,,,,,,,,,
2026-davis-cup,Davis Cup,Hard,,D,,20260207,88,kwon-b3d34,,,Kwon,,,,,,,trungelliti,,,Trungelliti,,,,,,,7-66 6-2,3,,,,,,,,,,,,,,,,,,,,
2026-davis-cup,Davis Cup,Hard,,D,,20260207,89,samrej-f05ce,,,Samrej,,,,,,,mesarovic,,,Mesarovic,,,,,,,6-2 6-1,3,,,,,,,,,,,,,,,,,,,,
2026-davis-cup,Davis Cup,Hard,,D,,20260207,90,barki-529e6,,,Barki,,,,,,,kwami-stanislas-roland,,,Kwami Stanislas Roland,,,,,,,6-0 6-3,3,,,,,,,,,,,,,,,,,,,,
2026-davis-cup,Davis Cup,Hard,,D,,20260207,91,hassan-1d510,,,Hassan,,,,,,,huang-5117a,,,Huang,,,,,,,6-4 6-4,3,,,,,,,,,,,,,,,,,,,,
2026-davis-cup,Davis Cup,Hard,,D,,20260207,92,jones-07763,,,Jones,,,,,,,alvarez-a038c,,,Alvarez,,,,,,,6-1 6-2,3,,,,,,,,,,,,,,,,,,,,
2026-davis-cup,Davis Cup,Hard,,D,,20260207,93,wu-f664e,,,Wu,,,,,,,habib,,,Habib,,,,,,,6-3 6-2,3,,,,,,,,,,,,,,,,,,,,
2026-davis-cup,Davis Cup,Hard,,D,,20260207,94,m-rifki,,,M Rifki,,,,,,,koffi-9aef8,,,Koffi,,,,,,,6-1 6-1,3,,,,,,,,,,,,,,,,,,,,
2026-davis-cup,Davis Cup,Hard,,D,,20260207,95,basic,,,Basic,,,,,,,watt-a298b,,,Watt,,,,,,,6-2 7-65,3,,,,,,,,,,,,,,,,,,,,
2026-davis-cup,Davis Cup,Hard,,D,,20260207,96,tirante,,,Tirante,,,,,,,chung-bdb8e,,,Chung,,,,,,,2-6 7-5 7-65,3,,,,,,,,,,,,,,,,,,,,
2026-davis-cup,Davis Cup,Hard,,D,,20260207,97,heide-17a3d,,,Heide,,,,,,,diallo-dd116,,,Diallo,,,,,,,7-64 3-6 7-63,3,,,,,,,,,,,,,,,,,,,,
2026-davis-cup,Davis Cup,Hard,,D,,20260207,98,draxl,,,Draxl,,,,,,,reis-da-silva,,,Reis Da Silva,,,,,,,6-3 6-3,3,,,,,,,,,,,,,,,,,,,,
2026-davis-cup,Davis Cup,Hard,,D,,20260207,99,tabilo,,,Tabilo,,,,,,,milic-b10f4,,,Milic,,,,,,,63-7 6-2 6-4,3,,,,,,,,,,,,,,,,,,,,
2026-davis-cup,Davis Cup,Hard,,D,,20260207,100,vallejo-d7859,,,Vallejo,,,,,,,ghetu,,,Ghetu,,,,,,,6-1 6-4,3,,,,,,,,,,,,,,,,,,,,
2026-davis-cup,Davis Cup,Hard,,D,,20260207,101,nedic,,,Nedic,,,,,,,shepp,,,Shepp,,,,,,,6-4 4-6 7-5,3,,,,,,,,,,,,,,,,,,,,
2026-davis-cup,Davis Cup,Hard,,D,,20260206,102,barrios-vera,,,Barrios Vera,,,,,,,lajovic,,,Lajovic,,,,,,,7-5 7-67,3,,,,,,,,,,,,,,,,,,,,
2026-davis-cup,Davis Cup,Hard,,D,,20260206,103,turcanu-14bcb,,,Turcanu,,,,,,,nunez-vera,,,Nunez Vera,,,,,,,6-1 3-6 7-62,3,,,,,,,,,,,,,,,,,,,,
2026-davis-cup,Davis Cup,Hard,,D,,20260206,104,fearnley,,,Fearnley,,,,,,,budkov-kjaer,,,Budkov Kjaer,,,,,,,3-6 6-3 10-7,3,,,,,,,,,,,,,,,,,,,,
2026-davis-cup,Davis Cup,Hard,,D,,20260206,105,hardt-79c77,,,Hardt,,,,,,,strombachs,,,Strombachs,,,,,,,7-5 62-7 6-2,3,,,,,,,,,,,,,,,,,,,,
2026-davis-cup,Davis Cup,Hard,,D,,20260206,106,struff,,,Struff,,,,,,,varillas,,,Varillas,,,,,,,6-4 6-2,3,,,,,,,,,,,,,,,,,,,,
2026-davis-cup,Davis Cup,Hard,,D,,20260206,107,prizmic,,,Prizmic,,,,,,,holmgren-a5794,,,Holmgren,,,,,,,5-7 6-0 6-2,3,,,,,,,,,,,,,,,,,,,,
2026-davis-cup,Davis Cup,Hard,,D,,20260206,108,purtseladze,,,Purtseladze,,,,,,,montgomery-e782e,,,Montgomery,,,,,,,6-2 6-4,3,,,,,,,,,,,,,,,,,,,,
2026-davis-cup,Davis Cup,Hard,,D,,20260206,109,hanfmann,,,Hanfmann,,,,,,,bueno-01b7e,,,Bueno,,,,,,,6-4 6-4,3,,,,,,,,,,,,,,,,,,,,
2026-davis-cup,Davis Cup,Hard,,D,,20260206,110,moller-6ea06,,,Moller,,,,,,,dodig-b6156,,,Dodig,,,,,,,6-4 7-63,3,,,,,,,,,,,,,,,,,,,,
2026-davis-cup,Davis Cup,Hard,,D,,20260206,111,cid-subervi,,,Cid Subervi,,,,,,,ozolins,,,Ozolins,,,,,,,7-66 6-4,3,,,,,,,,,,,,,,,,,,,,
2026-davis-cup,Davis Cup,Hard,,D,,20260206,112,riedi-a3a3d,,,Riedi,,,,,,,trifi,,,Trifi,,,,,,,6-1 6-0,3,,,,,,,,,,,,,,,,,,,,
2026-davis-cup,Davis Cup,Hard,,D,,20260206,113,erel,,,Erel,,,,,,,artnak,,,Artnak,,,,,,,7-62 6-1,3,,,,,,,,,,,,,,,,,,,,
2026-davis-cup,Davis Cup,Hard,,D,,20260206,114,kym,,,Kym,,,,,,,echargui,,,Echargui,,,,,,,7-62 6-4,3,,,,,,,,,,,,,,,,,,,,
2026-davis-cup,Davis Cup,Hard,,D,,20260206,115,alkaya,,,Alkaya,,,,,,,dominko,,,Dominko,,,,,,,7-5 7-64,3,,,,,,,,,,,,,,,,,,,,
2026-davis-cup,Davis Cup,Hard,,D,,20260206,116,phillips-48340,,,Phillips,,,,,,,bakshi-c841e,,,Bakshi,,,,,,,4-6 6-3 7-65,3,,,,,,,,,,,,,,,,,,,,
2026-davis-cup,Davis Cup,Hard,,D,,20260206,117,gaubas,,,Gaubas,,,,,,,shimanov,,,Shimanov,,,,,,,6-0 6-4,3,,,,,,,,,,,,,,,,,,,,
2026-davis-cup,Davis Cup,Hard,,D,,20260206,118,vacherot,,,Vacherot,,,,,,,shevchenko-3bd40,,,Shevchenko,,,,,,,6-0 6-3,3,,,,,,,,,,,,,,,,,,,,
2026-davis-cup,Davis Cup,Hard,,D,,20260206,119,bublik-43f80,,,Bublik,,,,,,,nys,,,Nys,,,,,,,6-0 6-3,3,,,,,,,,,,,,,,,,,,,,
2026-davis-cup,Davis Cup,Hard,,D,,20260206,120,butvilas,,,Butvilas,,,,,,,vales,,,Vales,,,,,,,7-63 6-0,3,,,,,,,,,,,,,,,,,,,,
2026-davis-cup,Davis Cup,Hard,,D,,20260206,121,khan-18a49,,,Khan,,,,,,,andre-ba2d1,,,Andre,,,,,,,63-7 7-66 6-2,3,,,,,,,,,,,,,,,,,,,,
2026-davis-cup,Davis Cup,Hard,,D,,20260206,122,rodionov-f5e38,,,Rodionov,,,,,,,mochizuki-f2487,,,Mochizuki,,,,,,,6-4 7-5,3,,,,,,,,,,,,,,,,,,,,
2026-davis-cup,Davis Cup,Hard,,D,,20260206,123,wu-9762d,,,Wu,,,,,,,borges-8d823,,,Borges,,,,,,,6-1 7-63,3,,,,,,,,,,,,,,,,,,,,
2026-davis-cup,Davis Cup,Hard,,D,,20260206,124,murtaza-68624,,,Murtaza,,,,,,,jadoun,,,Jadoun,,,,,,,6-3 1-6 7-5,3,,,,,,,,,,,,,,,,,,,,
2026-davis-cup,Davis Cup,Hard,,D,,20260206,125,watanuki-223ad,,,Watanuki,,,,,,,ofner-44428,,,Ofner,,,,,,,6-3 6-4,3,,,,,,,,,,,,,,,,,,,,
2026-davis-cup,Davis Cup,Hard,,D,,20260206,126,rocha-0492a,,,Rocha,,,,,,,yunchaokete,,,Yunchaokete,,,,,,,6-4 6-4,3,,,,,,,,,,,,,,,,,,,,
2026-davis-cup,Davis Cup,Hard,,D,,20260205,127,norrie,,,Norrie,,,,,,,budkov-kjaer,,,Budkov Kjaer,,,,,,,6-4 6-4,3,,,,,,,,,,,,,,,,,,,,
2026-davis-cup,Davis Cup,Hard,,D,,20260205,128,draper-e73d3,,,Draper,,,,,,,durasovic,,,Durasovic,,,,,,,6-2 6-2,3,,,,,,,,,,,,,,,,,,,,
2026-rome-2-challenger,Rome 2 challenger,Clay,,M,,20260422,1,cretu-93488,,,Cretu,,,,,,,herbert-fa5ad,,,Herbert,,,,,,,6-3 6-2,3,R16,,,,,,,,,,,,,,,,,,,
2026-rome-2-challenger,Rome 2 challenger,Clay,,M,,20260422,2,vasami-a02e2,,,Vasami,,,,,,,cadenasso,,,Cadenasso,,,,,,,6-4 6-2,3,R16,,,,,,,,,,,,,,,,,,,
2026-rome-2-challenger,Rome 2 challenger,Clay,,M,,20260422,3,sakellaridis-6aacb,7,,Sakellaridis,,,,,,,sanchez-izquierdo-99add,,,Sanchez Izquierdo,,,,,,,7-66 7-63,3,R16,,,,,,,,,,,,,,,,,,,
2026-rome-2-challenger,Rome 2 challenger,Clay,,M,,20260421,4,vavassori,,,Vavassori,,,,,,,mrva,,,Mrva,,,,,,,7-64 64-7 6-3,3,R128,,,,,,,,,,,,,,,,,,,
2026-rome-2-challenger,Rome 2 challenger,Clay,,M,,20260421,5,martin-tiffon,,,Martin Tiffon,,,,,,,forejtek,,,Forejtek,,,,,,,6-4 0-6 6-4,3,R128,,,,,,,,,,,,,,,,,,,
2026-rome-2-challenger,Rome 2 challenger,Clay,,M,,20260421,6,fery,3,,Fery,,,,,,,added,,,Added,,,,,,,7-66 4-6 6-4,3,R128,,,,,,,,,,,,,,,,,,,
2026-rome-2-challenger,Rome 2 challenger,Clay,,M,,20260421,7,djere,8,,Djere,,,,,,,caniato,,,Caniato,,,,,,,6-4 7-64,3,R128,,,,,,,,,,,,,,,,,,,
2026-rome-2-challenger,Rome 2 challenger,Clay,,M,,20260421,8,fatic-cddef,,,Fatic,,,,,,,tseng-5c1bc,2,,Tseng,,,,,,,6-3 6-4,3,R128,,,,,,,,,,,,,,,,,,,
2026-rome-2-challenger,Rome 2 challenger,Clay,,M,,20260421,9,guerrieri,,,Guerrieri,,,,,,,bondioli,,,Bondioli,,,,,,,7-64 6-2,3,R128,,,,,,,,,,,,,,,,,,,
2026-rome-2-challenger,Rome 2 challenger,Clay,,M,,20260421,10,vasami-a02e2,,,Vasami,,,,,,,silva-cb43c,,,Silva,,,,,,,4-6 6-3 6-2,3,R128,,,,,,,,,,,,,,,,,,,
2026-rome-2-challenger,Rome 2 challenger,Clay,,M,,20260421,11,romano-cf2f0,,,Romano,,,,,,,coppejans,,,Coppejans,,,,,,,6-1 6-0,3,R128,,,,,,,,,,,,,,,,,,,
2026-rome-2-challenger,Rome 2 challenger,Clay,,M,,20260421,12,herbert-fa5ad,,,Herbert,,,,,,,den-ouden,5,,Den Ouden,,,,,,,6-3 63-7 6-3,3,R128,,,,,,,,,,,,,,,,,,,
2026-rome-2-challenger,Rome 2 challenger,Clay,,M,,20260421,13,sanchez-izquierdo-99add,,,Sanchez Izquierdo,,,,,,,dalla-valle,,,Dalla Valle,,,,,,,6-0 6-3,3,R128,,,,,,,,,,,,,,,,,,,
2026-rome-2-challenger,Rome 2 challenger,Clay,,M,,20260421,14,jianu-c67fb,,,Jianu,,,,,,,bertola-e4bb8,6,,Bertola,,,,,,,6-4 6-2,3,R128,,,,,,,,,,,,,,,,,,,
2026-rome-2-challenger,Rome 2 challenger,Clay,,M,,20260421,15,cretu-93488,,,Cretu,,,,,,,topo-77408,,,Topo,,,,,,,6-2 6-0,3,R128,,,,,,,,,,,,,,,,,,,
2026-rome-2-challenger,Rome 2 challenger,Clay,,M,,20260420,16,bernet,,,Bernet,,,,,,,pavlovic-c059e,,,Pavlovic,,,,,,,6-3 6-4,3,R128,,,,,,,,,,,,,,,,,,,
2026-rome-2-challenger,Rome 2 challenger,Clay,,M,,20260420,17,cadenasso,,,Cadenasso,,,,,,,barrena-f6642,4,,Barrena,,,,,,,2-6 6-1 6-2,3,R128,,,,,,,,,,,,,,,,,,,
2026-rome-2-challenger,Rome 2 challenger,Clay,,M,,20260420,18,svrcina,1,,Svrcina,,,,,,,vasilev-518d3,,,Vasilev,,,,,,,6-1 6-3,3,R128,,,,,,,,,,,,,,,,,,,
2026-rome-2-challenger,Rome 2 challenger,Clay,,M,,20260420,19,sakellaridis-6aacb,7,,Sakellaridis,,,,,,,squire,,,Squire,,,,,,,7-63 4-6 6-4,3,R128,,,,,,,,,,,,,,,,,,,
2026-dubai,Dubai,Hard,,250,,20260227,1,griekspoor-d58ed,,,Griekspoor,,,,,,,rublev,5,,Rublev,,,,,,,7-5 7-66,3,SF,,,,,,,,,,,,,,,,,,,
2026-dubai,Dubai,Hard,,250,,20260227,2,medvedev-e0d2d,3,,Medvedev,,,,,,,auger-aliassime,1,,Auger Aliassime,,,,,,,6-4 6-2,3,SF,,,,,,,,,,,,,,,,,,,
2026-dubai,Dubai,Hard,,250,,20260226,3,griekspoor-d58ed,,,Griekspoor,,,,,,,mensik,6,,Mensik,,,,,,,6-3 3-6 6-2,3,QF,,,,,,,,,,,,,,,,,,,
2026-dubai,Dubai,Hard,,250,,20260226,4,rublev,5,,Rublev,,,,,,,rinderknech,,,Rinderknech,,,,,,,6-2 6-4,3,QF,,,,,,,,,,,,,,,,,,,
2026-dubai,Dubai,Hard,,250,,20260226,5,auger-aliassime,1,,Auger Aliassime,,,,,,,lehecka,8,,Lehecka,,,,,,,6-3 7-62,3,QF,,,,,,,,,,,,,,,,,,,
2026-dubai,Dubai,Hard,,250,,20260226,6,medvedev-e0d2d,3,,Medvedev,,,,,,,brooksby,,,Brooksby,,,,,,,6-2 6-1,3,QF,,,,,,,,,,,,,,,,,,,
2026-dubai,Dubai,Hard,,250,,20260225,7,rinderknech,,,Rinderknech,,,,,,,draper-e73d3,4,,Draper,,,,,,,7-5 64-7 6-4,3,R16,,,,,,,,,,,,,,,,,,,
2026-dubai,Dubai,Hard,,250,,20260225,8,mensik,6,,Mensik,,,,,,,popyrin,,,Popyrin,,,,,,,6-3 6-2,3,R16,,,,,,,,,,,,,,,,,,,
2026-dubai,Dubai,Hard,,250,,20260225,9,rublev,5,,Rublev,,,,,,,humbert-e2553,,,Humbert,,,,,,,6-4 65-7 6-3,3,R16,,,,,,,,,,,,,,,,,,,
2026-dubai,Dubai,Hard,,250,,20260225,10,griekspoor-d58ed,,,Griekspoor,,,,,,,bublik-43f80,2,,Bublik,,,,,,,6-3 7-64,3,R16,,,,,,,,,,,,,,,,,,,
2026-dubai,Dubai,Hard,,250,,20260225,11,lehecka,8,,Lehecka,,,,,,,carreno-busta,,,Carreno-Busta,,,,,,,7-66 6-4,3,R16,,,,,,,,,,,,,,,,,,,
2026-dubai,Dubai,Hard,,250,,20260225,12,auger-aliassime,1,,Auger Aliassime,,,,,,,mpetshi-perricard,,,Mpetshi Perricard,,,,,,,6-4 6-4,3,R16,,,,,,,,,,,,,,,,,,,
2026-dubai,Dubai,Hard,,250,,20260225,13,brooksby,,,Brooksby,,,,,,,khachanov,7,,Khachanov,,,,,,,7-66 6-4,3,R16,,,,,,,,,,,,,,,,,,,
2026-dubai,Dubai,Hard,,250,,20260225,14,medvedev-e0d2d,3,,Medvedev,,,,,,,wawrinka-ffdb9,,,Wawrinka,,,,,,,6-2 6-3,3,R16,,,,,,,,,,,,,,,,,,,
2026-dubai,Dubai,Hard,,250,,20260224,15,rublev,5,,Rublev,,,,,,,royer,,,Royer,,,,,,,6-3 6-4,3,R128,,,,,,,,,,,,,,,,,,,
2026-dubai,Dubai,Hard,,250,,20260224,16,mensik,6,,Mensik,,,,,,,hurkacz,,,Hurkacz,,,,,,,6-4 7-67,3,R128,,,,,,,,,,,,,,,,,,,
2026-dubai,Dubai,Hard,,250,,20260224,17,popyrin,,,Popyrin,,,,,,,majchrzak-905d8,,,Majchrzak,,,,,,,3-6 6-3 7-5,3,R128,,,,,,,,,,,,,,,,,,,
2026-dubai,Dubai,Hard,,250,,20260224,18,humbert-e2553,,,Humbert,,,,,,,tsitsipas-b526f,,,Tsitsipas,,,,,,,6-4 7-5,3,R128,,,,,,,,,,,,,,,,,,,
2026-dubai,Dubai,Hard,,250,,20260224,19,lehecka,8,,Lehecka,,,,,,,nardi-e2cda,,,Nardi,,,,,,,4-6 6-4 6-2,3,R128,,,,,,,,,,,,,,,,,,,
2026-dubai,Dubai,Hard,,250,,20260224,20,griekspoor-d58ed,,,Griekspoor,,,,,,,virtanen-7d161,,,Virtanen,,,,,,,6-3 6-4,3,R128,,,,,,,,,,,,,,,,,,,
2026-dubai,Dubai,Hard,,250,,20260224,21,bublik-43f80,2,,Bublik,,,,,,,struff,,,Struff,,,,,,,6-3 6-4,3,R128,,,,,,,,,,,,,,,,,,,
2026-dubai,Dubai,Hard,,250,,20260224,22,rinderknech,,,Rinderknech,,,,,,,marozsan,,,Marozsan,,,,,,,3-6 6-3 6-4,3,R128,,,,,,,,,,,,,,,,,,,
2026-dubai,Dubai,Hard,,250,,20260224,23,khachanov,7,,Khachanov,,,,,,,shevchenko-3bd40,,,Shevchenko,,,,,,,65-7 6-2 6-3,3,R128,,,,,,,,,,,,,,,,,,,
2026-dubai,Dubai,Hard,,250,,20260224,24,medvedev-e0d2d,3,,Medvedev,,,,,,,shang,,,Shang,,,,,,,6-1 6-3,3,R128,,,,,,,,,,,,,,,,,,,
2026-dubai,Dubai,Hard,,250,,20260224,25,brooksby,,,Brooksby,,,,,,,bergs,,,Bergs,,,,,,,6-3 6-4,3,R128,,,,,,,,,,,,,,,,,,,
2026-dubai,Dubai,Hard,,250,,20260224,26,carreno-busta,,,Carreno-Busta,,,,,,,shapovalov,,,Shapovalov,,,,,,,6-2 6-4,3,R128,,,,,,,,,,,,,,,,,,,
2026-dubai,Dubai,Hard,,250,,20260223,27,draper-e73d3,4,,Draper,,,,,,,halys,,,Halys,,,,,,,7-68 6-3,3,R128,,,,,,,,,,,,,,,,,,,
2026-dubai,Dubai,Hard,,250,,20260223,28,auger-aliassime,1,,Auger Aliassime,,,,,,,zhang-45ae9,,,Zhang,,,,,,,6-3 7-64,3,R128,,,,,,,,,,,,,,,,,,,
2026-dubai,Dubai,Hard,,250,,20260223,29,wawrinka-ffdb9,,,Wawrinka,,,,,,,hassan-1d510,,,Hassan,,,,,,,7-5 6-3,3,R128,,,,,,,,,,,,,,,,,,,
2026-dubai,Dubai,Hard,,250,,20260223,30,mpetshi-perricard,,,Mpetshi Perricard,,,,,,,echargui,,,Echargui,,,,,,,7-63 63-7 7-64,3,R128,,,,,,,,,,,,,,,,,,,
2026-santiago,Santiago,Clay,,250,,20260301,1,darderi,2,,Darderi,,,,,,,hanfmann,,,Hanfmann,,,,,,,7-66 7-5,3,F,,,,,,,,,,,,,,,,,,,
2026-santiago,Santiago,Clay,,250,,20260228,2,darderi,2,,Darderi,,,,,,,baez-a8fb1,3,,Baez,,,,,,,6-4 6-3,3,SF,,,,,,,,,,,,,,,,,,,
2026-santiago,Santiago,Clay,,250,,20260228,3,hanfmann,,,Hanfmann,,,,,,,cerundolo,1,,Cerundolo,,,,,,,6-3 6-4,3,SF,,,,,,,,,,,,,,,,,,,
2026-santiago,Santiago,Clay,,250,,20260228,4,baez-a8fb1,3,,Baez,,,,,,,tabilo,8,,Tabilo,,,,,,,7-62 6-1,3,QF,,,,,,,,,,,,,,,,,,,
2026-santiago,Santiago,Clay,,250,,20260227,5,darderi,2,,Darderi,,,,,,,pellegrino-fd654,,,Pellegrino,,,,,,,6-3 3-6 6-2,3,QF,,,,,,,,,,,,,,,,,,,
2026-santiago,Santiago,Clay,,250,,20260227,6,cerundolo,1,,Cerundolo,,,,,,,nava-337db,,,Nava,,,,,,,6-1 6-1,3,QF,,,,,,,,,,,,,,,,,,,
2026-santiago,Santiago,Clay,,250,,20260227,7,hanfmann,,,Hanfmann,,,,,,,gaubas,,,Gaubas,,,,,,,3-6 6-2 6-2,3,QF,,,,,,,,,,,,,,,,,,,
2026-santiago,Santiago,Clay,,250,,20260227,8,tabilo,8,,Tabilo,,,,,,,tirante,,,Tirante,,,,,,,4-6 6-3 6-3,3,R16,,,,,,,,,,,,,,,,,,,
2026-santiago,Santiago,Clay,,250,,20260226,9,baez-a8fb1,3,,Baez,,,,,,,garin,,,Garin,,,,,,,7-62 1-6 7-5,3,R16,,,,,,,,,,,,,,,,,,,
2026-santiago,Santiago,Clay,,250,,20260226,10,cerundolo,1,,Cerundolo,,,,,,,moller-6ea06,,,Moller,,,,,,,6-2 6-2,3,R16,,,,,,,,,,,,,,,,,,,
2026-santiago,Santiago,Clay,,250,,20260226,11,nava-337db,,,Nava,,,,,,,vallejo-d7859,,,Vallejo,,,,,,,7-5 6-3,3,R16,,,,,,,,,,,,,,,,,,,
2026-santiago,Santiago,Clay,,250,,20260226,12,darderi,2,,Darderi,,,,,,,navone,,,Navone,,,,,,,6-3 3-6 6-4,3,R16,,,,,,,,,,,,,,,,,,,
2026-santiago,Santiago,Clay,,250,,20260225,13,gaubas,,,Gaubas,,,,,,,prizmic,,,Prizmic,,,,,,,5-7 7-5 6-3,3,R16,,,,,,,,,,,,,,,,,,,
2026-santiago,Santiago,Clay,,250,,20260225,14,pellegrino-fd654,,,Pellegrino,,,,,,,comesana-c17e0,7,,Comesana,,,,,,,7-63 62-7 6-3,3,R16,,,,,,,,,,,,,,,,,,,
2026-santiago,Santiago,Clay,,250,,20260225,15,hanfmann,,,Hanfmann,,,,,,,ugo-carabelli,4,,Ugo Carabelli,,,,,,,6-4 6-3,3,R16,,,,,,,,,,,,,,,,,,,
2026-santiago,Santiago,Clay,,250,,20260225,16,tabilo,8,,Tabilo,,,,,,,barrios-vera,,,Barrios Vera,,,,,,,7-5 6-3,3,R128,,,,,,,,,,,,,,,,,,,
2026-santiago,Santiago,Clay,,250,,20260225,17,vallejo-d7859,,,Vallejo,,,,,,,passaro-5f6f1,,,Passaro,,,,,,,6-3 3-3,3,R128,,,,,,,,,,,,,,,,,,,
2026-santiago,Santiago,Clay,,250,,20260224,18,garin,,,Garin,,,,,,,cerundolo-08df6,,,Cerundolo,,,,,,,3-6 6-3 6-3,3,R128,,,,,,,,,,,,,,,,,,,
2026-santiago,Santiago,Clay,,250,,20260224,19,tirante,,,Tirante,,,,,,,buse,,,Buse,,,,,,,2-6 7-60 7-62,3,R128,,,,,,,,,,,,,,,,,,,
2026-santiago,Santiago,Clay,,250,,20260224,20,navone,,,Navone,,,,,,,kopriva,,,Kopriva,,,,,,,3-6 6-0 3-1,3,R128,,,,,,,,,,,,,,,,,,,
2026-santiago,Santiago,Clay,,250,,20260224,21,nava-337db,,,Nava,,,,,,,berrettini-707ad,6,,Berrettini,,,,,,,6-3 6-4,3,R128,,,,,,,,,,,,,,,,,,,
2026-santiago,Santiago,Clay,,250,,20260224,22,moller-6ea06,,,Moller,,,,,,,burruchaga,,,Burruchaga,,,,,,,7-64 0-6 6-4,3,R128,,,,,,,,,,,,,,,,,,,
2026-santiago,Santiago,Clay,,250,,20260224,23,gaubas,,,Gaubas,,,,,,,soto-fec8d,,,Soto,,,,,,,6-2 6-3,3,R128,,,,,,,,,,,,,,,,,,,
2026-santiago,Santiago,Clay,,250,,20260224,24,prizmic,,,Prizmic,,,,,,,jarry,,,Jarry,,,,,,,6-3 5-7 6-2,3,R128,,,,,,,,,,,,,,,,,,,
2026-santiago,Santiago,Clay,,250,,20260223,25,comesana-c17e0,7,,Comesana,,,,,,,martinez-c0caf,,,Martinez,,,,,,,6-4 2-6 7-64,3,R128,,,,,,,,,,,,,,,,,,,
2026-santiago,Santiago,Clay,,250,,20260223,26,pellegrino-fd654,,,Pellegrino,,,,,,,barrena-f6642,,,Barrena,,,,,,,6-2 2-6 6-1,3,R128,,,,,,,,,,,,,,,,,,,
2026-santiago,Santiago,Clay,,250,,20260223,27,hanfmann,,,Hanfmann,,,,,,,lajovic,,,Lajovic,,,,,,,6-0 6-3,3,R128,,,,,,,,,,,,,,,,,,,
2026-acapulco,Acapulco,Hard,,250,,20260301,1,cobolli-d6311,5,,Cobolli,,,,,,,tiafoe,8,,Tiafoe,,,,,,,7-64 6-4,3,F,,,,,,,,,,,,,,,,,,,
2026-acapulco,Acapulco,Hard,,250,,20260228,2,tiafoe,8,,Tiafoe,,,,,,,nakashima-68876,,,Nakashima,,,,,,,3-6 7-66 6-4,3,SF,,,,,,,,,,,,,,,,,,,
2026-acapulco,Acapulco,Hard,,250,,20260228,3,cobolli-d6311,5,,Cobolli,,,,,,,kecmanovic,,,Kecmanovic,,,,,,,7-65 3-6 6-4,3,SF,,,,,,,,,,,,,,,,,,,
2026-acapulco,Acapulco,Hard,,250,,20260227,4,nakashima-68876,,,Nakashima,,,,,,,vacherot,6,,Vacherot,,,,,,,2-6 6-2 6-3,3,QF,,,,,,,,,,,,,,,,,,,
2026-acapulco,Acapulco,Hard,,250,,20260227,5,tiafoe,8,,Tiafoe,,,,,,,bellucci-47e7e,,,Bellucci,,,,,,,6-3 6-4,3,QF,,,,,,,,,,,,,,,,,,,
2026-acapulco,Acapulco,Hard,,250,,20260227,6,kecmanovic,,,Kecmanovic,,,,,,,atmane,,,Atmane,,,,,,,6-3 6-3,3,QF,,,,,,,,,,,,,,,,,,,
2026-acapulco,Acapulco,Hard,,250,,20260227,7,cobolli-d6311,5,,Cobolli,,,,,,,wu-9762d,,,Wu,,,,,,,7-64 6-1,3,QF,,,,,,,,,,,,,,,,,,,
2026-acapulco,Acapulco,Hard,,250,,20260226,8,vacherot,6,,Vacherot,,,,,,,monfils,,,Monfils,,,,,,,6-3 6-3,3,R16,,,,,,,,,,,,,,,,,,,
2026-acapulco,Acapulco,Hard,,250,,20260226,9,bellucci-47e7e,,,Bellucci,,,,,,,davidovich-fokina,4,,Davidovich Fokina,,,,,,,6-3 6-3,3,R16,,,,,,,,,,,,,,,,,,,
2026-acapulco,Acapulco,Hard,,250,,20260226,10,tiafoe,8,,Tiafoe,,,,,,,kovacevic-a2706,,,Kovacevic,,,,,,,6-4 3-6 7-67,3,R16,,,,,,,,,,,,,,,,,,,
2026-acapulco,Acapulco,Hard,,250,,20260226,11,wu-9762d,,,Wu,,,,,,,shimabukuro,,,Shimabukuro,,,,,,,6-3 7-64,3,R16,,,,,,,,,,,,,,,,,,,
2026-acapulco,Acapulco,Hard,,250,,20260226,12,nakashima-68876,,,Nakashima,,,,,,,kypson,,,Kypson,,,,,,,6-4 6-4,3,R16,,,,,,,,,,,,,,,,,,,
2026-acapulco,Acapulco,Hard,,250,,20260226,13,kecmanovic,,,Kecmanovic,,,,,,,zverev-6f768,1,,Zverev,,,,,,,6-3 63-7 7-64,3,R16,,,,,,,,,,,,,,,,,,,
2026-acapulco,Acapulco,Hard,,250,,20260226,14,atmane,,,Atmane,,,,,,,jodar,,,Jodar,,,,,,,6-2 4-6 6-1,3,R16,,,,,,,,,,,,,,,,,,,
2026-acapulco,Acapulco,Hard,,250,,20260226,15,cobolli-d6311,5,,Cobolli,,,,,,,svrcina,,,Svrcina,,,,,,,6-4 6-4,3,R16,,,,,,,,,,,,,,,,,,,
2026-acapulco,Acapulco,Hard,,250,,20260225,16,shimabukuro,,,Shimabukuro,,,,,,,mannarino-a7108,,,Mannarino,,,,,,,6-3 6-4,3,R128,,,,,,,,,,,,,,,,,,,
2026-acapulco,Acapulco,Hard,,250,,20260225,17,monfils,,,Monfils,,,,,,,dzumhur,,,Dzumhur,,,,,,,6-4 7-65,3,R128,,,,,,,,,,,,,,,,,,,
2026-acapulco,Acapulco,Hard,,250,,20260225,18,wu-9762d,,,Wu,,,,,,,ruud-dfb38,3,,Ruud,,,,,,,7-62 7-61,3,R128,,,,,,,,,,,,,,,,,,,
2026-acapulco,Acapulco,Hard,,250,,20260225,19,tiafoe,8,,Tiafoe,,,,,,,borges-8d823,,,Borges,,,,,,,6-4 6-4,3,R128,,,,,,,,,,,,,,,,,,,
2026-acapulco,Acapulco,Hard,,250,,20260225,20,zverev-6f768,1,,Zverev,,,,,,,moutet,,,Moutet,,,,,,,6-2 6-4,3,R128,,,,,,,,,,,,,,,,,,,
2026-acapulco,Acapulco,Hard,,250,,20260225,21,bellucci-47e7e,,,Bellucci,,,,,,,hijikata,,,Hijikata,,,,,,,7-65 6-3,3,R128,,,,,,,,,,,,,,,,,,,
2026-acapulco,Acapulco,Hard,,250,,20260225,22,atmane,,,Atmane,,,,,,,dimitrov-779bc,,,Dimitrov,,,,,,,6-3 6-3,3,R128,,,,,,,,,,,,,,,,,,,
2026-acapulco,Acapulco,Hard,,250,,20260225,23,svrcina,,,Svrcina,,,,,,,duckworth,,,Duckworth,,,,,,,6-4 6-1,3,R128,,,,,,,,,,,,,,,,,,,
2026-acapulco,Acapulco,Hard,,250,,20260225,24,cobolli-d6311,5,,Cobolli,,,,,,,pacheco-mendez,,,Pacheco Mendez,,,,,,,7-63 7-63,3,R128,,,,,,,,,,,,,,,,,,,
2026-acapulco,Acapulco,Hard,,250,,20260224,25,jodar,,,Jodar,,,,,,,norrie,7,,Norrie,,,,,,,6-3 6-2,3,R128,,,,,,,,,,,,,,,,,,,
2026-acapulco,Acapulco,Hard,,250,,20260224,26,kovacevic-a2706,,,Kovacevic,,,,,,,walton,,,Walton,,,,,,,7-61 7-63,3,R128,,,,,,,,,,,,,,,,,,,
2026-acapulco,Acapulco,Hard,,250,,20260224,27,vacherot,6,,Vacherot,,,,,,,wong-d3ead,,,Wong,,,,,,,4-6 6-3 6-2,3,R128,,,,,,,,,,,,,,,,,,,
2026-acapulco,Acapulco,Hard,,250,,20260224,28,kypson,,,Kypson,,,,,,,de-minaur,2,,De Minaur,,,,,,,6-1 64-7 7-64,3,R128,,,,,,,,,,,,,,,,,,,
2026-acapulco,Acapulco,Hard,,250,,20260224,29,nakashima-68876,,,Nakashima,,,,,,,ymer,,,Ymer,,,,,,,6-3 6-4,3,R128,,,,,,,,,,,,,,,,,,,
2026-acapulco,Acapulco,Hard,,250,,20260224,30,davidovich-fokina,4,,Davidovich Fokina,,,,,,,altmaier,,,Altmaier,,,,,,,7-5 6-3,3,R128,,,,,,,,,,,,,,,,,,,
2026-acapulco,Acapulco,Hard,,250,,20260224,31,kecmanovic,,,Kecmanovic,,,,,,,schoolkate,,,Schoolkate,,,,,,,6-2 6-2,3,R128,,,,,,,,,,,,,,,,,,,
